country_code,country,air_year,air_passengers,econ_worldrank,econ_regionrank,econ_2019score,econ_propertyrights,econ_judical,econ_gov_integrity,econ_taxburden,econ_govspending,econ_fiscalhealth,econ_businessfreedom,econ_laborfreedom,econ_monetaryfreedom,econ_tradefreedom,econ_investmentfreedom,econ_financialfreedom,econ_tariffrate,econ_incometaxrate,econ_corporatetaxrate,econ_taxburdengdp,econ_govexpendgdp,econ_popmills,econ_gdpbills,econ_gdpgrowthrate,econ_yeargdpgrowthrate,econ_gdppercapita,econ_unemployment,econ_inflation,econ_fdiflowmills,econ_publicdeptofgdp,gdp_2018,crime_index,population2020,smoking2016,females2018,hospbeds_year,hospbeds_per1k,docs_year,docs_per1k,pollution_2010,pollution_2011,pollution_2012,pollution_2013,pollution_2014,pollution_2015,pollution_2016,pollution_2017,pop65above_year,pop65above_percent,prisoncount_year,prison_count,prisonrate_year,prison_rate,rail_year,rail_millionpassengerkm,sars_cases,sars_deaths,sars_recovered
ABW,Aruba,2018,274280,NA,NA,NA,NA,NA,NA,NA,NA,NA,NA,NA,NA,NA,NA,NA,NA,NA,NA,NA,NA,NA,NA,NA,NA,NA,NA,NA,NA,NA,NA,NA,NA,NA,NA,NA,NA,1995,1.12,NA,NA,NA,NA,NA,NA,NA,NA,2018,13.55094714,2014,170,2014,163.8,NA,NA,0,0,0
AFG,Afghanistan,2018,1722612.61,152,39,51.5,19.6,29.6,25.2,91.7,80.3,99.3,49.2,60.4,76.7,66,10,10,7,20,20,5,25.6,35.5,$69.60 ,2.5,2.9,"$1,958 ",8.8,5,53.9,7.3,NA,NA,NA,NA,NA,2015,0.5,2016,0.284,65.24559168,66.83572711,66.02317421,61.36674452,59.01033025,61.2526558,56.28704672,56.91080835,2018,2.58492694,2017,30000,2017,84.4,NA,NA,0,0,0
AGO,Angola,2018,1516628,156,33,50.6,35.9,26.6,20.5,83.9,80.7,58.2,55.7,58.8,55.4,61.2,30,40,9.4,17,30,20.6,25.3,28.2,$190.30 ,0.7,2.9,"$6,753 ",8.2,31.7,"-2,254.50",65.3,NA,NA,NA,NA,NA,2005,0.8,2017,0.2149,33.78724719,33.10419463,33.41549506,34.66392257,32.97402504,32.72987314,31.78538881,32.38850491,2018,2.216373648,2016,24000,2016,83.2,NA,NA,0,0,0
ALB,Albania,2018,303137,52,27,66.5,54.8,30.6,40.4,86.3,73.9,80.6,69.3,52.7,81.5,87.8,70,70,1.1,23,15,24.9,29.5,2.9,$36.00 ,3.9,2.5,"$12,507 ",13.9,2,"1,119.10",71.2,15102500898,40.02,2877.797,28.7,49.0630946,2013,2.9,2016,1.1998,21.27782812,22.77253665,20.57825918,19.93851711,18.88395497,19.51253962,18.18993375,18.20060252,2018,13.74473591,2017,5674,2017,193.7,2009,32,0,0,0
AND,Andorra,NA,NA,NA,NA,NA,NA,NA,NA,NA,NA,NA,NA,NA,NA,NA,NA,NA,NA,NA,NA,NA,NA,NA,NA,NA,NA,NA,NA,NA,NA,NA,NA,NA,NA,NA,NA,2009,2.5,2015,3.3333,12.8071975,13.27350555,12.40705303,11.81367331,10.83041825,11.46217847,10.25583443,10.30762139,NA,NA,2017,52,2017,67.5,NA,NA,0,0,0
ARE,United Arab Emirates,2018,95533069,9,1,77.6,81.8,87.1,78.8,99.2,68.8,88.9,79.9,81.1,80.9,84.4,40,60,2.8,0,0,8.9,32.3,10.1,$686.80 ,0.5,3.3,"$67,741 ",1.7,2,"10,354.20",19.5,4.14E+11,15.52,9890.402,28.9,30.63668795,2013,1.2,2016,2.3944,38.98006849,39.1934301,39.27712811,39.6081551,37.98342106,42.33499,40.52210348,40.91750982,2018,1.085000985,2014,9826,2014,108.3,NA,NA,0,0,0
ARG,Argentina,2018,18081937,148,26,52.2,47.8,44.5,33.5,69.3,49.5,33,56.4,46.9,60.2,70,55,60,7.5,35,30,30.8,41,44.1,$920.20 ,2.9,0.7,"$20,876 ",8.7,25.7,"11,857.00",52.6,5.20E+11,62.96,45195.774,21.8,51.23734845,2014,5,2017,3.96,16.85910062,17.38298213,16.13507182,15.59737515,14.46698041,14.6316259,13.75144403,13.31183395,2018,11.11778888,2017,85283,2017,192.6,NA,NA,0,0,0
ARM,Armenia,2014,0,47,24,67.7,57.2,46.3,38.6,84.7,79,53,78.3,71.4,77.8,80.8,75,70,2.1,26,20,21.3,26.4,3,$28.30 ,7.5,3.6,"$9,456 ",18.2,0.9,245.7,53.5,12433089919,20.78,2963.243,24.1,52.95657715,2015,4.2,2014,2.899,37.53004093,38.61227522,37.18448464,34.9372126,33.08594982,34.88143264,32.22716773,32.52811834,2018,11.25381766,2017,3536,2017,120.7,2017,24.8,0,0,0
ASM,American Samoa,2014,76944,NA,NA,NA,NA,NA,NA,NA,NA,NA,NA,NA,NA,NA,NA,NA,NA,NA,NA,NA,NA,NA,NA,NA,NA,NA,NA,NA,NA,NA,NA,NA,NA,NA,NA,NA,NA,1999,0.781,15.07272173,15.39064186,14.34415015,14.12722552,13.31699203,13.0193901,12.38272987,12.47382024,NA,NA,2017,193,2017,344.6,NA,NA,0,0,0
ATG,Antigua and Barbuda,2018,580174.1568,NA,NA,NA,NA,NA,NA,NA,NA,NA,NA,NA,NA,NA,NA,NA,NA,NA,NA,NA,NA,NA,NA,NA,NA,NA,NA,NA,NA,NA,NA,NA,NA,NA,NA,2014,3.8,2017,2.7647,22.52887611,23.1478617,21.47105044,20.73538507,19.72558362,19.69638779,18.46093032,18.62234285,2018,8.79982552,2017,305,2017,299,NA,NA,0,0,0
AUS,Australia,2018,75667645.03,5,4,80.9,79.1,86.5,79.9,62.8,60.1,86.2,88.3,84.1,86.6,87.6,80,90,1.2,45,30,28.2,36.5,24.8,"$1,246.50 ",2.3,2.4,"$50,334 ",5.6,2,"46,368.00",41.6,1.43E+12,42.7,25499.884,14.7,50.19962324,2014,3.8,2016,3.5874,10.6188794,11.04726492,10.53708999,9.98768389,9.492978752,9.320015289,8.614508924,8.550324401,2018,15.65647523,2017,41202,2017,168.5,2010,1499.936536,49,0,41
AUT,Austria,2018,12935505,31,16,72,84.2,71.3,77.4,50.5,24.5,85.5,74.9,68.7,81.5,86,90,70,2,50,25,42.7,50.2,8.8,$439.60 ,2.9,1.3,"$49,869 ",5.5,2.2,"9,629.60",78.8,4.55E+11,23.23,9006.398,29.6,50.82942665,2013,7.6,2016,5.1441,15.14913995,15.57337093,14.28233205,14.08161348,13.37922794,13.54109517,12.59681605,12.47796673,2018,19.00156646,2017,8692,2017,99.5,2017,12019.423,0,0,0
AZE,Azerbaijan,2018,2279546,60,13,65.4,59.1,53.1,44.7,87.5,59.5,89.4,69.5,63.9,63,74.6,60,60,5.2,25,20,15,36.7,9.8,$171.80 ,0.1,1.2,"$17,492 ",5,13,"2,867.00",54.7,46939529412,32.68,10139.177,20.8,50.1157491,2013,4.7,2014,3.4466,23.0476012,23.6298688,22.18081034,22.27878046,20.71006751,21.41412281,20.20815664,19.92866362,2018,6.195182751,2017,23319,2017,237.3,2018,468.3,0,0,0
BDI,Burundi,1998,12000,162,39,48.9,20.6,31,26.2,74,83.3,23.3,50.3,67.5,62.2,68.2,50,30,5.9,35,35,12.3,23.6,10.9,$8.00 ,0,1.1,$735 ,1.6,16.6,0.3,56.7,NA,NA,NA,NA,NA,2014,0.8,2016,0.05,38.38116825,38.23619121,41.01132776,39.97107204,39.38755864,38.43088048,38.65322349,38.89626795,2018,2.24694046,2017,10093,2017,92.9,NA,NA,0,0,0
BEL,Belgium,2018,13639487,48,25,67.3,81.3,61.6,72.5,47.1,15.2,73.4,78.1,61,76.1,86,85,70,2,50,29,44.2,53.2,11.4,$528.50 ,1.7,1.2,"$46,553 ",7.4,2.2,740.4,103.2,5.43E+11,42.5,11589.623,28.2,50.59331939,2014,6.2,2016,3.3234,16.00931923,15.69844257,14.74189365,14.02266986,13.2336213,13.56652303,12.83308751,12.88651847,2018,18.78874374,2017,10073,2017,88.1,2018,10710,5,0,0
BEN,Benin,2016,899,127,21,55.3,37.2,32.8,28.1,69.3,83.4,27.9,62.4,53.8,86.4,61.8,70,50,11.6,45,30,11.9,23.5,11.1,$25.30 ,5.6,5,"$2,277 ",2.5,0.1,184.4,54.6,NA,NA,NA,NA,NA,2010,0.5,2016,0.1572,32.39296916,32.58084623,31.99200044,31.44329865,29.66045567,40.47068263,38.44770366,38.99995876,2018,3.253605297,2017,7801,2017,69.8,2003,66,0,0,0
BFA,Burkina Faso,2018,151531,96,9,59.4,49.1,42.9,36.6,81.9,80,61.8,51.6,52.3,86.2,65.2,65,40,7.4,27.5,28,16.3,25.8,18.9,$35.80 ,6.4,5.3,"$1,889 ",6.3,0.4,485.9,38.3,NA,NA,NA,NA,NA,2010,0.4,2016,0.06,37.49132872,37.28137549,38.78415146,33.28720021,33.96909317,46.56216758,41.53724291,42.93559251,2018,2.406980829,2016,7670,2016,41.1,NA,NA,0,0,0
BGD,Bangladesh,2018,5984155.212,121,27,55.6,36.1,34.5,24.4,72.7,94.5,77.6,50.9,68.2,69.9,63.6,45,30,10.7,25,45,8.8,13.6,163.2,$687.10 ,7.1,6.7,"$4,211 ",4.4,5.7,"2,151.60",32.4,2.74E+11,64.98,164689.383,23,49.38729667,2015,0.8,2017,0.5268,70.76499566,70.2105489,70.79390882,65.64508289,68.3953774,66.96574924,60.12627467,60.84578458,2018,5.15839064,2017,88424,2017,53.7,2016,10040,0,0,0
BGR,Bulgaria,2018,1022645,37,19,69,62.5,41.9,35.1,90.2,63.9,98.8,62.7,68.4,88,86,70,60,2,10,10,28,34.7,7.1,$153.10 ,3.6,2.7,"$21,687 ",6.2,1.2,"1,070.70",23.9,65132951116,39.31,6948.445,37,51.41408841,2013,6.8,2014,3.9879,22.75619549,24.30032702,22.64465578,20.99963709,20.74356996,20.77642742,19.28301303,19.14913234,2018,21.02191443,2017,6988,2017,98.6,2018,1479.39,20,0,0
BHR,Bahrain,2018,5877003,54,5,66.4,63.5,50.7,53.6,99.7,62.7,3.7,71.4,71.1,81.6,83.8,75,80,3.1,0,0,5.6,35.3,1.5,$70.40 ,3.2,3.8,"$48,505 ",1.2,1.4,518.9,90.3,37746196809,29.18,1701.575,26.4,36.34825161,2014,2,2015,0.9257,65.63088097,63.73249929,70.28748254,67.79467818,62.75854371,72.60467743,69.86418236,70.81620768,2018,2.426333878,2017,3485,2017,233.4,NA,NA,0,0,0
BHS,Bahamas,2018,1197116.197,76,15,62.9,42.2,46.9,43.7,97.3,86.8,65.7,68.5,67.5,78.1,47.8,50,60,18.6,0,0,16.3,21,0.4,$11.60 ,1.3,-0.7,"$31,139 ",12.6,1.4,927.7,57.2,NA,NA,NA,NA,NA,2013,2.9,2017,1.9373,21.1105137,21.77442494,20.31707569,19.90940079,18.49533328,18.88630621,17.65132069,17.36772049,2018,7.257602357,2016,1746,2016,446.7,NA,NA,0,0,0
BIH,Bosnia and Herzegovina,2015,7071,83,37,61.9,40.2,37.9,30.2,84.3,46.1,96.6,49.7,67,83.1,82.6,65,60,1.2,10,10,37,42.4,3.5,$44.60 ,2.7,2.5,"$12,724 ",25.6,1.3,425.2,41,20161865419,43.57,3280.819,38.9,51.01053603,2013,3.5,2013,2.0003,32.30015609,34.19186648,31.77325971,30.44623075,28.77732513,29.62283839,27.59446709,27.74766896,2018,16.47031747,2016,2832,2016,80.3,2018,30.435026,0,0,0
BLR,Belarus,2018,2760168,104,42,57.9,55.2,51.7,37.7,89.4,41.3,85.4,75,75.3,67,76.4,30,10,1.8,13,18,23.8,44.2,9.5,$178.90 ,2.4,-0.3,"$18,931 ",0.5,6,"1,276.40",51,59662495092,24.8,9449.323,26.7,53.45605422,2013,11,2014,4.0772,23.31940958,22.91114578,21.64637226,20.59045954,19.76605366,20.07627636,18.87823952,18.76557991,2018,14.84514817,2017,32500,2017,343.3,2018,6215.3,0,0,0
BLZ,Belize,2018,1297533.223,123,24,55.4,41.7,46.9,27.2,79.9,65.9,39.1,61.8,54.8,78.7,64,55,50,10.5,25,25,27.6,33.7,0.4,$3.20 ,0.8,1.8,"$8,324 ",9.3,1.1,77,99,NA,NA,NA,NA,NA,2014,1.3,2017,1.1262,28.2730542,28.80044628,27.40912213,27.28443966,24.42114809,25.21682566,23.06568424,23.01189211,2018,4.736458777,2017,1297,2017,345.9,NA,NA,0,0,0
BMU,Bermuda,NA,NA,NA,NA,NA,NA,NA,NA,NA,NA,NA,NA,NA,NA,NA,NA,NA,NA,NA,NA,NA,NA,NA,NA,NA,NA,NA,NA,NA,NA,NA,NA,NA,NA,NA,NA,1996,6.300000191,1997,1.766,14.64738151,14.84311292,13.97908263,13.47885095,12.80641477,12.41796108,11.65994362,11.64635919,NA,NA,2015,209,2015,337.1,NA,NA,0,0,0
BOL,Bolivia,2018,4122113,173,30,42.3,20.5,12.3,19.7,82.4,49.3,17.6,58.8,52.9,68.8,70.4,15,40,4.8,13,25,31.1,41.1,11.1,$83.60 ,4.2,5.1,"$7,547 ",3.1,2.8,724.7,50.9,NA,NA,NA,NA,NA,2014,1.1,2016,1.6111,29.5728099,27.90420439,26.39024388,26.09046897,24.81882932,22.47639992,21.3866041,21.5689866,2018,7.191947392,2017,17946,2017,162.4,NA,NA,0,0,0
BRA,Brazil,2018,102109977,150,27,51.9,57.3,51.7,28.1,70.5,55.2,5.9,57.9,51.9,75.5,69,50,50,8,27.5,34,32.2,38.6,207.7,"$3,240.30 ",1,-0.5,"$15,603 ",13.3,3.4,"62,712.60",84,1.87E+12,69.48,212559.417,13.9,50.82991676,2014,2.2,2018,2.1499,15.95528506,15.91279799,15.28545576,14.60990092,13.98993477,13.59465562,12.65867601,12.70662947,2018,8.922837832,2017,700489,2017,334.7,2017,15807,162,0,117
BRB,Barbados,1991,0,67,13,64.7,52.9,59.9,53.8,70.1,65,79.5,69.8,59.9,78.3,56.6,70,60,14.2,35,25,33.7,34.1,0.3,$5.20 ,0.9,0.6,"$18,664 ",9.7,4.4,286.2,132.9,NA,NA,NA,NA,NA,2014,5.8,2017,2.4886,28.21681441,29.30348967,27.03352956,26.23023054,25.18301447,24.68624082,23.45919984,23.0801758,2018,15.80269396,2017,874,2017,305.6,NA,NA,0,0,0
BRN,Brunei,2018,1234455,63,14,65.1,64,56,43.7,90.7,59.9,20,80.2,90.8,76.5,84,65,50,0.5,0,18.5,24.2,36.6,0.4,$33.50 ,0.5,-1.4,"$78,196 ",7.1,-0.1,-46.3,2.7,NA,NA,NA,NA,NA,2015,2.7,2015,1.7701,7.417004403,7.366187122,7.570822949,6.709489683,6.180830115,6.484179774,5.927600072,5.903065468,2018,4.873147568,2015,565,2015,135.3,NA,NA,0,0,0
BTN,Bhutan,2018,275849,74,16,62.9,62.5,55.4,54.5,83,71.6,77.6,68.7,79.5,72.6,79.4,20,30,2.8,25,30,13.4,30.7,0.8,$7.00 ,6,5.2,"$8,744 ",2.4,3.4,10.3,102.4,NA,NA,NA,NA,NA,2012,1.7,2017,0.3715,43.96188317,43.07170329,42.93227289,41.88190701,40.83967373,39.81863873,37.22436394,37.9265032,2018,6.003011713,2014,1119,2014,144.1,NA,NA,0,0,0
BWA,Botswana,2018,253417,36,3,69.5,58.1,45.7,52.4,82.7,65.9,94.6,68.7,68.2,78.8,83.8,65,70,0.6,25,22,24.9,33.7,2.2,$38.90 ,2.2,4.1,"$17,828 ",17.4,3.3,400.6,15.6,NA,NA,NA,NA,NA,2010,1.8,2016,0.3688,25.72472072,24.59211459,24.85403894,24.87425931,24.15127779,24.33025796,23.63126742,23.09438618,2018,4.223874346,2017,4343,2017,189.5,2006,94,0,0,0
CAF,Central African Republic,2001,46364,161,38,49.1,19.6,29.6,23.2,65.2,94.2,94.3,24.2,40.1,72.3,51,45,30,14.5,50,30,9,13.9,5,$3.40 ,4,-4.5,$677 ,6,3.8,17.2,53.4,NA,NA,NA,NA,NA,2011,1,2015,0.0629,51.53331961,51.22953137,53.35883384,50.87491368,49.35636376,58.32609851,56.98542248,56.82849738,2018,2.825773707,2015,764,2015,16.8,NA,NA,0,0,0
CAN,Canada,2018,89380000,8,1,77.7,87,69.4,84.6,76.8,51.3,83.1,81.9,73.7,77.2,86.8,80,80,1.6,33,15,31.7,40.3,36.7,"$1,769.30 ",3,2.1,"$48,265 ",6.3,1.6,"24,243.80",89.7,1.71E+12,39.48,37742.154,14.3,50.39152995,2012,2.7,2017,2.6102,8.384457262,8.62446106,8.107410495,7.791636125,7.428419864,7.151582145,6.549074761,6.428383133,2018,17.23200668,2016,41145,2016,113.4,2018,1596.59,14249,2015,8752
CHE,Switzerland,2018,28857994,4,1,81.9,85.3,82,88,70.5,64.8,96.3,75.4,72.5,85.2,87.4,85,90,1.3,40,24,27.8,34.3,8.4,$517.20 ,1.1,1.6,"$61,422 ",4.8,0.5,"40,986.10",42.8,7.05E+11,21.18,8654.622,25.7,50.42712466,2013,4.7,2016,4.2363,12.92221973,13.04922122,12.26138801,11.82005499,11.38910719,11.16525468,10.34263047,10.3031001,2018,18.62321656,2017,6564,2017,77.4,2018,17958.315,127,0,75
CHL,Chile,2018,19517185,18,3,75.4,68.7,56.3,62.3,77.3,81,89,76.6,65,84.5,88.8,85,70,0.6,35,25,20.4,25.2,18.4,$451.10 ,1.5,2.2,"$24,537 ",7,2.2,"6,729.60",23.6,2.98E+11,47.12,19116.201,37.8,50.72703184,2013,2.2,2016,1.08,25.89229169,27.24586707,25.0471553,23.9366936,22.86825181,22.56979255,20.87687041,21.03629906,2018,11.52980166,2017,41762,2017,231.3,2004,820,0,0,0
CHN,China,2018,611439830,100,20,58.4,49.9,75.2,49.1,70.4,70.1,76,56.2,64.2,71.9,73,25,20,3.5,45,25,17.5,31.6,1390.1,"$23,159.10 ",6.9,7.1,"$16,660 ",4.7,1.6,"136,320.00",47.8,1.36E+13,36.7,1439323.776,25.6,48.67937396,2012,4.2,2015,1.7855,69.47957041,70.54202883,63.82701684,65.51455022,59.76736751,59.06342246,52.21132204,52.66459583,2018,10.92088354,2016,1561086,2016,111.3,2018,681203,343093,19738,216323
CIV,Cote d'Ivoire,2018,779482,78,5,62.4,40.9,47.8,38.1,77.5,83.9,74.3,61,52.5,74.2,73.6,75,50,8.2,36,25,18.2,23.1,25,$96.90 ,7.8,8.6,"$3,883 ",2.6,0.8,674.7,46.4,NA,NA,NA,NA,NA,2006,0.4,2014,0.2326,21.617705,22.59307255,22.49440447,21.30554316,20.90017764,27.68749396,26.67470411,25.88626634,2018,2.858943015,2017,13767,2017,56.7,2003,10,0,0,0
CMR,Cameroon,2018,265136,145,29,52.4,42.5,31.3,25.5,74.4,87.5,58.4,44.4,47.8,84,53.4,30,50,15.8,35,33,15.6,20.4,24.3,$88.90 ,3.2,4.9,"$3,660 ",4.2,0.6,672.5,33.8,NA,NA,NA,NA,NA,2010,1.3,2011,0.0898,59.29340315,58.07690148,62.776697,58.18633815,56.71530558,77.05174298,73.20529127,72.79309622,2018,2.728877355,2016,29341,2016,125.1,2018,256872,0,0,0
COD,Congo (Kinshasa),2018,932043.4385,157,34,50.3,25.3,30.7,26.2,73.8,93.9,96.9,53.2,41.9,49.1,62.6,30,20,11.2,30,40,10.8,14.2,86.7,$68.50 ,3.4,6.1,$790 ,3.7,41.5,"1,340.20",15.7,NA,NA,NA,NA,NA,2006,0.8,2013,0.09,41.39803933,41.49328795,43.03677157,44.49576095,42.5494471,44.93118592,45.49950018,44.9092636,2018,3.017840622,2015,20550,2015,27,2018,29.514,0,0,0
COG,Congo (Brazzaville),2018,333899,176,46,39.7,33.2,29.6,25.3,59.5,40.6,0,38.2,35.8,82.6,56.8,45,30,11.6,45,34,29.5,44.5,4.3,$28.90 ,-4.6,1.1,"$6,642 ",11,0.5,"1,158.80",119.1,NA,NA,NA,NA,NA,2005,1.6,2011,0.1159,42.00909211,44.15559345,43.48998719,46.12663732,45.85281627,44.14769514,45.7110424,46.63822028,2018,2.681719539,2014,1240,2014,25.5,2012,266.47,0,0,0
COL,Colombia,2018,33704037,49,8,67.3,59.2,34.3,33.5,74.3,75,79.2,71.4,78.5,75.6,76,80,70,7,33,33,19.9,28.9,49.3,$714.00 ,1.8,3.2,"$14,485 ",8.9,4.3,"14,518.00",49.4,3.31E+11,52.54,50882.891,9,50.9257717,2014,1.5,2017,2.0835,21.49784542,21.36777875,20.53663622,19.22334802,18.34420526,17.30028428,16.58060037,16.52721022,2018,8.47804702,2017,119491,2017,243.5,NA,NA,53,0,53
COM,Comoros,1996,27300,124,20,55.4,36.5,29.6,24.4,63.9,73.4,91.7,57.2,60.3,82.8,70,45,30,5,30,50,14.5,29.8,0.8,$1.30 ,2.5,2.2,"$1,588 ",4.3,1,8.6,28.4,NA,NA,NA,NA,NA,2010,2.2,2012,0.1699,20.66635788,21.02016044,21.2526292,21.04796184,21.50207199,20.71555746,20.48272773,20.5468246,2018,3.007009306,2017,191,2017,23.5,NA,NA,0,0,0
CPV,Cabo Verde,2018,140429,73,4,63.1,44.1,49,43.7,76.4,71.2,59.7,65.2,55.7,84.1,68.2,80,60,10.9,35,24,23.7,31,0.5,$3.70 ,4,2,"$6,944 ",10.3,0.8,108.6,126,NA,NA,NA,NA,NA,2010,2.1,2015,0.7694,27.59644067,31.64177817,32.94099303,32.08584342,31.62108111,38.63361366,33.39233075,34.7787001,2018,4.609327157,2017,1542,2017,282.4,NA,NA,0,0,0
CRI,Costa Rica,2018,1948546,61,11,65.3,58.3,54,54.5,79.2,88.4,42.5,67.2,55.2,83.2,81.4,70,50,1.8,25,30,23.6,19.6,5,$83.90 ,3.2,3.4,"$16,877 ",8.1,1.6,"3,007.10",49.1,60130106116,55.77,5094.118,11.9,50.0098511,2015,1.2,2013,1.1497,19.27295272,19.70213293,19.33512768,18.34151711,17.54363411,16.87928994,15.65581227,15.7259203,2018,9.549847673,2017,14224,2017,289.9,NA,NA,0,0,0
CUB,Cuba,2018,560754.332,178,31,27.8,31.6,10,37.7,48.8,0,15.6,20,20,65.6,64,10,10,8,50,30,41.5,64.2,11.5,$148.00 ,0.9,1.9,"$12,920 ",2.6,5.5,N/A,47.7,1.00E+11,27.62,11326.616,35.2,50.33284983,2014,5.2,2017,8.19,23.93329773,24.78731963,23.23978714,22.85074328,21.29623433,20.86409957,19.73784135,19.7060474,2018,15.18621142,2012,57337,2012,503.7,2007,1284.8,0,0,0
CUW,Curacao,NA,NA,NA,NA,NA,NA,NA,NA,NA,NA,NA,NA,NA,NA,NA,NA,NA,NA,NA,NA,NA,NA,NA,NA,NA,NA,NA,NA,NA,NA,NA,NA,NA,NA,NA,NA,NA,NA,NA,NA,NA,NA,NA,NA,NA,NA,NA,NA,2018,16.68489481,2016,377,2016,236.9,NA,NA,0,0,0
CYM,Cayman Islands,NA,NA,NA,NA,NA,NA,NA,NA,NA,NA,NA,NA,NA,NA,NA,NA,NA,NA,NA,NA,NA,NA,NA,NA,NA,NA,NA,NA,NA,NA,NA,NA,NA,NA,NA,NA,1990,3,1997,1.939,NA,NA,NA,NA,NA,NA,NA,NA,NA,NA,2017,253,2017,408.1,NA,NA,0,0,0
CYP,Cyprus,2018,401408,44,22,68.1,73.1,48.1,43.7,74.9,55.2,80.3,76.9,59.5,84,86,75,60,2,35,12.5,33.6,38.7,0.9,$31.60 ,3.9,0.3,"$37,023 ",11,0.7,"6,343.30",99.3,24961988663,29.62,1207.359,36.4,49.9710745,2013,3.4,2016,1.9511,20.08186599,20.09096399,19.22484321,18.68454574,18.29352737,19.10134763,16.9580216,17.2944062,2018,13.71906177,2017,592,2017,50.2,NA,NA,0,0,0
CZE,Czechia,2018,5727200,23,13,73.7,74.8,47.6,52.1,82.6,52.1,97.6,72.4,78.1,81.5,86,80,80,2,15,19,34,40,10.6,$375.70 ,4.3,2.9,"$35,512 ",2.9,2.4,"7,412.20",34.7,2.45E+11,25.99,10708.981,34.3,50.80858893,2015,6.5,2016,4.314,20.67687047,20.08124665,18.74317608,17.996287,17.39121549,17.41645169,16.1005837,16.07124535,2018,19.42087689,2017,22159,2017,208.7,2017,7778,0,0,0
DEU,Germany,2018,109796202.2,24,14,73.5,79.9,75.4,81.3,60.8,42.3,91.8,83.3,52.8,77.9,86,80,70,2,47.5,15.8,37.6,43.9,82.7,"$4,170.80 ",2.5,1.7,"$50,425 ",3.8,1.7,"34,726.30",64.1,3.95E+12,34.6,83783.942,30.6,50.66036737,2013,8.3,2016,4.2087,15.18949496,14.66422844,13.57764226,13.19191946,12.75122057,12.82609758,11.93781112,12.02876736,2018,21.461962,2017,62902,2017,76.6,2018,79456,725,0,586
DJI,Djibouti,1991,130500,169,43,47.1,29.7,18.1,28.1,76.2,27.3,18.1,54.7,60.4,72.7,50.4,80,50,17.3,30,25,29.2,49.2,1,$3.60 ,6.7,6.1,"$3,559 ",5.8,0.7,165,30.6,NA,NA,NA,NA,NA,2014,1.4,2014,0.2203,38.24086927,40.44183546,39.94282079,40.10377303,41.25972754,45.95080851,45.86887513,45.5496176,2018,4.527579378,2016,600,2016,63.7,2005,145,0,0,0
DMA,Dominica,NA,NA,72,14,63.6,49.2,63.8,54.5,72.1,53.5,84.7,70.7,60.4,85.7,68.2,70,30,8.4,35,30,25.8,39.4,0.1,$0.80 ,-4.2,0,"$11,102 ",N/A,0.6,18.9,87.6,NA,NA,NA,NA,NA,2012,3.8,2017,1.0825,23.74074619,24.27612298,22.21579925,22.15106827,21.01030747,20.68878863,19.98814835,19.49315376,NA,NA,2016,211,2016,286.9,NA,NA,0,0,0
DNK,Denmark,2004,6428701,14,6,76.7,86.2,77.8,85.8,42,14.4,96.7,90.7,86.4,84.1,86,90,80,2,56,23.5,45.9,53.4,5.7,$286.80 ,2.1,1.6,"$49,883 ",5.7,1.1,"-3,114.70",36.4,3.56E+11,24.72,5792.202,19.1,50.27420273,2015,2.5,2016,4.4567,11.92914817,12.66233138,11.11552501,10.82027884,11.06670453,10.65728566,10.09597196,10.02965344,2018,19.81295264,2017,3635,2017,63.4,2017,5829,0,0,0
DOM,Dominican Republic,2016,11903,89,19,61,50.6,18.1,23.2,84.6,90.3,89.9,51.9,57.6,79.7,75.8,70,40,4.6,25,27,13.6,17.9,10.2,$172.40 ,4.6,6.1,"$16,944 ",5.5,3.3,"3,570.00",37.7,85555390387,60.62,10847.91,13.7,50.00779607,2014,1.6,2017,1.56,16.87446546,17.29977986,16.15283991,15.39695063,14.1880737,14.85822076,13.69022772,13.72632115,2018,7.082817476,2017,26286,2017,244.1,NA,NA,0,0,0
DZA,Algeria,2018,6442442,171,14,46.2,31.6,36.2,28.9,76.4,48.7,18.7,61.6,49.9,74.9,67.4,30,30,8.8,35,23,24.5,41.4,41.5,$632.90 ,2,3.1,"$15,237 ",10,5.6,"1,203.00",25.8,1.74E+11,54.41,43851.044,15.6,49.48426788,2015,1.9,2016,1.83,33.63582026,33.83404774,33.3668262,34.24532791,35.56391718,36.08916357,39.85327385,38.8840107,2018,6.362496545,2017,60000,2017,145.2,2017,1550,0,0,0
ECU,Ecuador,2018,5365261,170,29,46.9,35.9,20.2,25.3,77,55.5,32.1,54.1,48.2,73.5,66.4,35,40,6.8,35,25,21.2,38.5,16.8,$192.60 ,2.7,2,"$11,482 ",3.8,0.4,606.4,45,1.08E+11,48.91,17643.054,7.1,49.97062518,2013,1.5,2016,2.05,19.97918812,19.321995,19.55771048,18.1186093,16.23418751,15.69970761,14.98157801,14.88610066,2018,7.157289727,2017,37497,2017,225.5,NA,NA,0,0,0
EGY,Egypt,2018,12340832,144,11,52.5,37,48.3,29.2,85.2,68.1,0,65.9,51.6,62.3,71.8,60,50,6.6,25,23,18,32.6,94.8,"$1,201.20 ",4.2,3.8,"$12,671 ",12.1,23.5,"7,391.70",103.3,NA,NA,NA,NA,NA,2014,1.6,2017,0.7902,77.44661885,70.78635638,72.79056861,76.21365354,76.55960126,88.21338765,88.1485004,86.99945205,2018,5.229779346,2016,106000,2016,110.9,2008,40837,0,0,0
ERI,Eritrea,2018,102729,177,47,38.9,35.5,18.1,19.7,81.4,73.9,0,17.7,70,61,69.2,0,20,5.4,30,30,8,29.5,5.9,$9.40 ,5,3.4,"$1,581 ",6.4,9,55.5,131.2,NA,NA,NA,NA,NA,2011,0.7,2004,0.0557,45.2271386,45.25744675,46.13384645,47.62781596,44.37494629,49.82891214,48.67093668,48.03019868,2011,4.083856362,NA,NA,NA,NA,NA,NA,0,0,0
ESP,Spain,2018,80672105,57,28,65.7,72.9,51.4,51.9,62.3,46.2,51.1,66.8,57.8,87.5,86,85,70,2,45,25,33.5,42.3,46.3,"$1,773.90 ",3.1,1.9,"$38,286 ",17.2,2,"19,086.10",98.4,1.42E+12,31.07,46754.778,29.3,50.89664131,2013,3,2016,4.0691,11.3493291,12.03799789,11.14962332,10.74258206,10.07458883,10.44910241,9.704138553,9.697927863,2018,19.37850752,2017,58814,2017,126.9,2018,27903,86,0,63
EST,Estonia,2018,31981,15,7,76.6,81.5,76,73.1,79.9,51.1,99.8,75.3,57.2,79.6,86,90,70,2,20,20,34.7,40.4,1.3,$41.60 ,4.9,2.7,"$31,750 ",5.8,3.7,784.4,8.8,30732144529,22.17,1326.535,31.3,52.85842682,2015,5,2016,3.4651,8.519848763,8.442558919,7.810698651,7.482813578,7.705552572,7.003727673,6.821448031,6.732124015,2018,19.62635685,2017,2576,2017,196.6,2012,237,0,0,0
ETH,Ethiopia,2018,11501244,137,26,53.6,32.6,40.9,35.1,77.2,90.4,83.3,48.6,58,60.8,60.8,35,20,12.1,35,30,12.4,17.9,92.7,$200.20 ,10.9,9.9,"$2,161 ",5.2,9.9,"3,586.40",56.2,84355604753,47.46,114963.588,4.4,49.97888842,2015,0.3,2017,0.1,35.63414541,36.31794195,35.97384213,35.88420536,35.04359745,38.85860469,39.24503758,38.97873776,2018,3.501132998,2014,113727,2014,116.8,NA,NA,0,0,0
FIN,Finland,2018,13364839,20,11,74.9,89.6,81.2,92.5,66.8,7.2,86.4,89.4,50.3,84.8,86,85,80,2,31.3,20,44.1,55.6,5.5,$244.00 ,3,0.8,"$44,333 ",8.6,0.8,"1,327.90",61.4,2.77E+11,22.75,5540.72,20.4,50.72075849,2015,4.4,2016,3.808,7.190331396,7.283699708,6.601133581,6.278689198,6.468639868,6.063834353,5.893757483,5.861331001,2018,21.72078755,2017,3082,2017,55.8,2017,4271,51,0,40
FJI,Fiji,2018,1670216,81,18,62.2,67.3,42.9,23.4,81.1,71.7,82.4,63,72.9,73.5,62.8,55,50,11.1,29,20,25.5,30.7,0.9,$8.70 ,3.8,3.7,"$9,777 ",6.3,3.4,299,46.6,NA,NA,NA,NA,NA,2011,2.3,2015,0.8374,13.53381346,13.83646142,12.85205328,12.14461761,11.92289283,11.64194513,11.05934316,10.8401599,2018,5.449680413,2016,1826,2016,203.2,NA,NA,0,0,0
FRA,France,2018,70188028,71,35,63.8,82.5,66.1,67.9,48.4,3.9,64.9,81.2,45.2,79.1,81,75,70,2,45,33,45.3,56.6,64.8,"$2,835.80 ",1.8,1.1,"$43,761 ",9.4,1.2,"49,794.90",97,2.78E+12,46.45,65273.511,32.7,51.58424048,2013,6.5,2016,3.2349,14.84562127,14.87801926,13.83475371,13.5943087,12.28970307,12.74570798,11.85518422,11.81496362,2018,20.03462475,2017,68974,2017,106.1,2017,93276.78,504,1,327
FRO,Faroe Islands,NA,NA,NA,NA,NA,NA,NA,NA,NA,NA,NA,NA,NA,NA,NA,NA,NA,NA,NA,NA,NA,NA,NA,NA,NA,NA,NA,NA,NA,NA,NA,NA,NA,NA,NA,NA,NA,NA,NA,NA,NA,NA,NA,NA,NA,NA,NA,NA,NA,NA,2017,6,2017,12.2,NA,NA,0,0,0
FSM,Micronesia (Federated States of),NA,NA,NA,NA,NA,NA,NA,NA,NA,NA,NA,NA,NA,NA,NA,NA,NA,NA,NA,NA,NA,NA,NA,NA,NA,NA,NA,NA,NA,NA,NA,NA,NA,NA,NA,NA,2009,3.2,2010,0.177,13.7492452,13.7316521,12.97443872,12.74251533,11.86686885,11.72598465,11.13451107,11.28339944,2018,3.996803977,NA,NA,NA,NA,NA,NA,0,0,0
GAB,Gabon,2016,77320,118,17,56.3,28.1,30.6,35.5,75.8,86.6,82.1,52.1,53,80,51.2,60,40,16.9,35,30,17.3,21.1,1.9,$36.70 ,0.8,3.4,"$19,254 ",19.7,3,"1,498.00",61.1,NA,NA,NA,NA,NA,2010,6.3,2016,0.3611,40.27757856,41.13028375,40.8140906,40.72566252,41.31956969,44.09590117,43.72065291,44.38554846,2018,3.563907468,2015,3373,2015,174.8,2017,174,0,0,0
GBR,United Kingdom,2018,165388610,7,3,78.9,92.3,85.9,83.8,64.7,48.2,68.6,92.9,73.5,81.2,86,90,80,2,45,20,33.2,41.6,66.1,"$2,914.00 ",1.8,2.2,"$44,118 ",4.3,2.7,"15,090.00",87,2.86E+12,43.64,67886.011,22.3,50.63527456,2013,2.8,2017,2.8058,12.29910815,12.84799901,11.81449494,11.61890149,10.80055978,10.75487287,10.50466684,10.47269039,2018,18.39586567,2017,92568,2017,369.2,2015,2900,414,0,330
GEO,Georgia,2018,516034,16,8,75.9,65.9,54.6,58.5,87.1,73.6,93.9,85.8,76.6,76,88.6,80,70,0.7,20,15,25.8,29.6,3.7,$39.70 ,4.8,3.7,"$10,747 ",11.6,6,"1,861.90",44.9,17599660629,20.18,3989.167,28.8,52.2912375,2013,2.6,2015,5.0976,26.10123773,26.78360332,25.00284928,23.91020353,22.96670742,24.25264627,21.82963618,22.19605462,2018,14.86549143,2017,9990,2017,255.4,2017,597,0,0,0
GHA,Ghana,2018,467438,109,13,57.5,49.1,44.2,35.5,78.8,82,23.9,56.5,59.9,66.3,63.4,70,60,10.8,35,25,16.5,24.5,28.3,$133.70 ,8.4,5.5,"$4,729 ",2.4,12.4,"3,255.00",71.8,65556464048,51.57,31072.94,3.9,49.3258297,2011,0.9,2017,0.18,27.36828359,28.21169897,28.89742723,27.81534006,25.8895233,34.68190071,36.25265622,34.7135141,2018,3.068898007,2017,14846,2017,51.5,2006,85,0,0,0
GIB,Gibraltar,NA,NA,NA,NA,NA,NA,NA,NA,NA,NA,NA,NA,NA,NA,NA,NA,NA,NA,NA,NA,NA,NA,NA,NA,NA,NA,NA,NA,NA,NA,NA,NA,NA,NA,NA,NA,NA,NA,NA,NA,NA,NA,NA,NA,NA,NA,NA,NA,NA,NA,2016,56,2016,162.9,NA,NA,0,0,0
GIN,Guinea,1999,58500,120,19,55.7,34.7,32.6,25.5,69.4,89.8,87.2,54.6,54.9,66.4,63.2,50,40,10.9,40,35,15.3,18.4,13,$26.50 ,6.7,4.9,"$2,041 ",4.5,8.9,576.5,39.7,NA,NA,NA,NA,NA,2011,0.3,2016,0.0788,21.97102786,22.44535934,22.98996509,21.25856145,21.19667275,26.94288524,24.77771417,26.0624902,2018,2.926022448,2017,3200,2017,25.2,NA,NA,0,0,0
GMB,Gambia,2018,53735,146,30,52.4,39.9,42.5,41.2,74.3,70.7,0,54,67.4,62.4,61.6,65,50,14.2,35,32,17.9,31.3,2.1,$3.60 ,3.5,3.1,"$1,713 ",9.5,8,87.5,123.2,NA,NA,NA,NA,NA,2011,1.1,2015,0.1077,30.20126341,29.26492223,30.72906478,29.80467273,30.62189539,36.30538082,32.61530208,33.98263855,2018,2.589980939,2014,1121,2014,58.5,NA,NA,0,0,0
GNB,Guinea-Bissau,1998,20400,135,25,54,32.6,42.9,25.3,88.8,86.7,81.4,35.9,61.2,78.1,55.6,30,30,12.2,20,25,9.6,21,1.7,$3.10 ,5.5,4.3,"$1,845 ",6.1,1.1,16.6,42,NA,NA,NA,NA,NA,2009,1,2015,0.2,26.83635957,27.38943995,27.0902178,26.52420728,26.94095978,31.79127202,29.58586773,29.77470228,2018,2.823716336,2017,596,2017,32,NA,NA,0,0,0
GNQ,Equatorial Guinea,2018,466435.1193,174,44,41,29.7,18.1,15.8,71.3,67.6,16.4,37.6,32.7,83.7,48.8,40,30,15.6,35,35,20.4,32.8,0.8,$30.40 ,-4.4,-5.6,"$36,017 ",6.9,0.7,304.1,42.7,NA,NA,NA,NA,NA,2010,2.1,2017,0.4,46.18648655,46.85258767,45.23237247,43.62579322,44.30179969,52.63437057,54.50903017,53.24062104,2018,2.457877347,2015,500,2015,42.5,NA,NA,0,0,0
GRC,Greece,2018,15125933.52,106,43,57.7,52.4,49.5,37.7,59.1,23.3,79,74.1,52.5,79.1,81,55,50,2,42,29,38.6,50.6,10.8,$298.70 ,1.4,-0.3,"$27,737 ",21.5,1.1,"4,046.00",181.9,2.18E+11,39.29,10423.054,43.4,50.91620191,2015,4.3,2016,4.592,19.06108814,20.00154124,18.4207689,17.77941628,17.36504185,17.74055711,16.3289203,16.21826638,2018,21.65527208,2017,10011,2017,89.7,2013,774.386,0,0,0
GRD,Grenada,NA,NA,NA,NA,NA,NA,NA,NA,NA,NA,NA,NA,NA,NA,NA,NA,NA,NA,NA,NA,NA,NA,NA,NA,NA,NA,NA,NA,NA,NA,NA,NA,NA,NA,NA,NA,2014,3.7,2017,1.4471,27.47290781,28.13951521,26.46891843,25.84730814,24.28703113,24.16278293,22.88869124,22.72268748,2018,9.621906796,2016,457,2016,425.8,NA,NA,0,0,0
GRL,Greenland,NA,NA,NA,NA,NA,NA,NA,NA,NA,NA,NA,NA,NA,NA,NA,NA,NA,NA,NA,NA,NA,NA,NA,NA,NA,NA,NA,NA,NA,NA,NA,NA,NA,NA,NA,NA,1970,14.35340023,1980,1.135,13.92232395,14.09660544,13.40669025,12.75796756,12.51054773,11.76203951,11.57250485,11.60217946,NA,NA,2017,139,2017,248.2,NA,NA,0,0,0
GTM,Guatemala,2018,145795,77,16,62.6,40.3,32.3,26.4,79.2,95.6,96.2,53.6,48.7,77,82.2,70,50,1.4,31,31,12.6,12.1,16.9,$137.80 ,2.8,3.6,"$8,145 ",2.7,4.4,"1,146.70",24.4,NA,NA,NA,NA,NA,2014,0.6,2018,0.355,29.98259025,31.72733122,29.88625889,30.05682402,26.52785542,25.0727261,23.79782877,24.07064893,2018,4.812072508,2017,24386,2017,144.2,NA,NA,0,0,0
GUM,Guam,2009,1172372,NA,NA,NA,NA,NA,NA,NA,NA,NA,NA,NA,NA,NA,NA,NA,NA,NA,NA,NA,NA,NA,NA,NA,NA,NA,NA,NA,NA,NA,NA,NA,NA,NA,NA,NA,NA,1999,1.084,13.88834049,14.1035329,13.24230178,12.78879461,12.02255289,12.53178352,11.65176784,11.63440681,2018,9.849910719,2017,667,2017,406.7,NA,NA,0,0,0
GUY,Guyana,2018,26069,113,23,56.8,41.7,42.9,33.2,67,69.4,77.6,59.3,62,76.9,66.8,55,30,6.6,33.3,40,24.4,32,0.8,$6.30 ,2.1,3.5,"$8,161 ",12,2.1,212.2,50.7,NA,NA,NA,NA,NA,2014,1.6,2018,0.799,27.31186474,27.92942466,26.90129942,24.85550257,23.64826569,23.88788174,22.37149881,22.37557463,2018,6.450271243,2017,2226,2017,286.1,NA,NA,0,0,0
HKG,Hong Kong,2018,47101822,1,1,90.2,93.3,75.3,83.8,93.1,90.3,100,96.4,89.2,86.4,95,90,90,0,15,16.5,14,17.9,7.4,$454.90 ,3.8,2.8,"$61,393 ",3.1,1.5,"104,333.00",0.1,NA,NA,NA,NA,NA,1985,4.890900135,1995,1.319,NA,NA,NA,NA,NA,NA,NA,NA,2018,16.87504833,2017,8306,2017,112.8,NA,NA,132776,16924,80211
HND,Honduras,2018,411989,93,20,60.2,43.4,31,25.3,82.8,78.2,95.9,56.9,32,73,79.4,65,60,2.8,25,25,21.6,27,8.3,$46.20 ,4.8,3.6,"$5,562 ",4.5,3.9,"1,185.70",43.9,23969890431,75.84,9904.607,2,50.04934017,2014,0.7,2017,0.3144,26.88295242,28.90074716,27.44714935,27.68413611,23.16154008,22.40619622,21.08695992,20.62885065,2018,4.690617659,2017,19335,2017,208.7,NA,NA,0,0,0
HRV,Croatia,2018,2093577,86,38,61.4,66,42.9,38.6,66.4,33.4,85.4,60.7,44,78.5,86,75,60,2,40,18,37.9,47.1,4.1,$101.30 ,2.8,1.5,"$24,424 ",11.2,1.1,"2,104.20",78.4,60971699315,24.23,4105.267,37,51.85262175,2015,5.6,2016,2.9962,21.33471864,21.96600369,20.2024228,19.58696201,18.43310352,19.20668151,17.78931891,17.90177229,2018,20.44543301,2016,3108,2016,73.8,2018,756,0,0,0
HTI,Haiti,1991,0,143,25,52.7,10.4,25.3,20.3,79.9,88.3,95.9,36.2,62.6,66.5,72,45,30,6.5,30,30,14.5,19.7,11,$19.90 ,1.2,2.2,"$1,815 ",14,14.7,374.9,31.1,NA,NA,NA,NA,NA,2013,0.7,2018,0.2345,17.7952414,18.75791703,17.48024488,16.76701123,16.26222456,15.5402773,15.08648313,15.01982438,2018,4.949403848,2017,8882,2017,80.9,NA,NA,0,0,0
HUN,Hungary,2018,31226848,64,31,65,60.9,45.2,35.3,78.6,31.7,85,61.1,64.7,81.8,86,80,70,2,15,19,39.4,47.7,9.8,$289.00 ,4,3.2,"$29,474 ",4.2,2.4,"2,491.60",69.9,1.58E+11,35.41,9660.351,30.6,52.43242803,2013,7,2016,3.2312,19.13552438,19.36069,17.52996008,17.2318312,16.31532793,17.23213014,15.88535024,15.92604819,2018,19.15772538,2017,17343,2017,178.4,2018,5518,0,0,0
IDN,Indonesia,2018,115154100.9,56,11,65.8,52.2,53.5,39.5,83.7,91.4,88.1,69.3,49.3,77.4,79.8,45,60,2.6,30,25,10.4,16.9,262,"$3,242.80 ",5.1,5.1,"$12,377 ",4.2,3.8,"23,063.10",28.9,1.04E+12,46.26,273523.615,39.4,49.64388219,2015,1.2,2017,0.3777,18.16928033,18.04965117,18.17016951,16.87918132,16.45463183,16.64028042,16.38415363,16.5026533,2018,5.857165613,2017,246005,2017,93.2,2017,25654,130,0,109
IMN,Isle of Man,NA,NA,NA,NA,NA,NA,NA,NA,NA,NA,NA,NA,NA,NA,NA,NA,NA,NA,NA,NA,NA,NA,NA,NA,NA,NA,NA,NA,NA,NA,NA,NA,NA,NA,NA,NA,2009,1.584279384,2010,1.449,NA,NA,NA,NA,NA,NA,NA,NA,NA,NA,2017,106,2017,126.2,NA,NA,0,0,0
IND,India,2018,164035637.5,129,31,55.2,57.3,61.6,47.8,79.4,77.3,14.7,57.1,41.8,72.4,72.4,40,40,6.3,30.9,32.4,7.2,27.5,1316.9,"$9,459.00 ",6.7,7.2,"$7,183 ",3.5,3.6,"39,916.10",70.2,2.72E+12,42.38,1380004.385,11.5,48.02353964,2011,0.7,2017,0.7776,95.75817945,97.59937863,88.1694406,91.80479161,89.62238269,89.3033343,89.67217693,90.87321047,2018,6.179955649,2015,419623,2015,32.1,2017,1149835,158,0,145
IRL,Ireland,2018,167598633,6,2,80.5,85.8,68.4,78,76.3,77.4,89,83.1,75.3,87,86,90,70,2,41,12.5,23,27.4,4.7,$357.20 ,7.8,9.7,"$75,538 ",6.4,0.3,"28,974.60",68.5,3.82E+11,46.18,4937.786,24.3,50.42550948,2013,2.8,2017,3.0861,9.976375087,10.28507938,9.522691993,9.360153635,8.750521533,8.672473458,8.279163345,8.208576735,2018,13.8658017,2017,3738,2017,78.5,2017,2122,99,0,75
IRN,Iran,2018,25604871.41,155,13,51.1,33.5,41.3,35,80.9,89.8,89.5,62.2,50.7,60.1,54.6,5,10,15.2,35,25,8,18.5,81.4,"$1,644.70 ",4.3,3.6,"$20,200 ",12.5,9.9,"5,019.00",40.9,NA,NA,NA,NA,NA,2014,1.5,2015,1.14,38.65150179,38.0496892,38.54205244,38.10109206,38.10949306,39.61053238,38.84130248,38.97876028,2018,6.184573806,2017,230000,2017,283.4,2017,13270,0,0,0
IRQ,Iraq,2018,2075065.8,N/A,N/A,N/A,37,12.3,20.3,N/A,52.8,13.3,54.4,53.1,81.4,N/A,N/A,N/A,N/A,15,15,N/A,39.7,38.9,$658.80 ,-0.8,4.7,"$16,954 ",8.2,0.1,"-5,032.40",58,NA,NA,NA,NA,NA,2014,1.4,2017,0.8217,68.71140482,66.36260979,66.84207687,63.80269591,56.56703027,66.26503791,63.95479607,61.63623571,2018,3.323599663,2015,45000,2015,145,2010,99.683,0,0,0
ISL,Iceland,2018,7819740.56,11,4,77.1,87.4,63.8,83.8,72.7,44,96.7,88.4,64.1,81.7,87,85,70,1.5,31.8,20,36.4,43.2,0.3,$17.60 ,3.6,4.4,"$51,842 ",2.8,1.8,-5.4,40.9,25878475760,23.15,341.243,14.7,49.81170852,2014,3.2,2017,3.9701,7.856536667,8.098884846,7.33692926,7.171207035,6.948896646,6.927968941,6.60765416,6.481147263,2018,14.79509256,2017,131,2017,39.1,NA,NA,0,0,0
ISR,Israel,2018,7404373,27,2,72.8,80,73.4,67.9,61.9,52.4,85.3,71.4,65.1,86.2,84.4,75,70,2.8,48,23,31.2,39.8,8.7,$316.50 ,3.3,3.5,"$36,340 ",4.3,0.2,"18,954.00",61,3.71E+11,30.71,8655.535,25.2,50.29812658,2013,3.1,2016,3.2176,24.01923772,23.90468673,23.03884904,22.94633022,22.05914688,22.7797827,20.76570151,21.38110224,2018,11.97698602,2017,19325,2017,232.2,2017,2765,0,0,0
ITA,Italy,2018,27630435.6,80,36,62.2,71.7,49.8,43.7,55.6,26.5,71.3,71.7,51.1,84,86,85,50,2,43,27.5,42.9,49.5,60.6,"$2,310.90 ",1.5,0.3,"$38,140 ",11.2,1.3,"17,077.10",131.5,2.08E+12,44.35,60461.826,23.7,51.37666963,2012,3.4,2017,4.0931,19.02523065,19.99426671,18.10524741,17.75772244,17.76927084,17.89144517,16.49037374,16.75071194,2018,22.7516796,2017,59655,2017,100.5,2018,39449,577,0,471
JAM,Jamaica,2018,180951.272,39,5,68.6,60.7,49.2,45,80.2,76,80,78,73.6,82.6,68.4,80,50,10.8,25,25,27.1,28.3,2.8,$26.10 ,1,0.8,"$9,163 ",12.5,4.4,888,104.1,15713908816,65.26,2961.167,16.8,50.33982963,2013,1.7,2017,1.3199,16.09171498,16.54249891,15.46047097,14.93139975,14.07433169,14.1766593,13.39596321,13.40415053,2018,8.796642551,2017,3857,2017,133.5,NA,NA,0,0,0
JOR,Jordan,2018,3383805,53,4,66.5,58.4,52.6,50.3,91.4,73.4,60.6,61.8,52.7,85,81.4,70,60,4.3,14,20,16.3,29.8,7.1,$89.10 ,2.3,2.5,"$12,494 ",14.9,3.3,"1,664.80",95.6,NA,NA,NA,NA,NA,2015,1.4,2017,2.3436,33.55056636,33.01726148,33.01693524,33.41761072,33.20542058,34.30544926,33.17661668,33.00608118,2018,3.846490398,2017,15700,2017,161.8,2010,503.537,0,0,0
JPN,Japan,2018,126387527,30,8,72.1,84.1,68.5,78,68.2,55,55.7,80.5,79,85.9,80,70,60,2.5,40.8,23.9,30.7,38.7,126.7,"$5,428.80 ",1.7,1.3,"$42,832 ",2.8,0.5,"10,429.80",236.4,4.97E+12,15.91,126476.461,22.1,51.15925913,2012,13.4,2016,2.4118,14.14233824,14.14103105,13.12887233,13.36255833,12.58661692,12.68745973,11.62392259,11.70477819,2018,27.57636991,2017,51805,2017,40.6,2018,1410,45,0,0
KAZ,Kazakhstan,2018,7143797,59,12,65.4,59.3,56.1,40.3,93.4,83.7,41,73.9,86.2,70.9,80,50,50,2.5,10,20,12.8,23.3,18.2,$477.60 ,4,3.3,"$26,252 ",4.9,7.4,"4,633.70",21.2,1.79E+11,64.23,18776.707,24,51.51148365,2013,6.7,2014,3.2522,15.91449319,15.24383546,14.48103768,14.5985643,13.74975351,14.38480208,13.08443846,13.82428836,2018,7.391846271,2017,33989,2017,186.7,2017,19241.2,0,0,0
KEN,Kenya,2018,5935831.097,130,22,55.1,53.8,46.9,32.1,79.5,77.8,13.8,55.8,63.4,72.7,60.4,55,50,12.3,30,30,15.7,27.2,46.7,$163.10 ,4.8,5.5,"$3,491 ",11.5,8,671.7,55.6,87908262520,62.38,53771.296,10.7,50.31602039,2010,1.4,2014,0.1988,28.15477084,28.66288466,29.37227988,28.93534528,28.94935013,28.53628017,28.58337727,28.57837427,2018,2.339186612,2017,51021,2017,102.7,2007,109.24,0,0,0
KGZ,Kyrgyzstan,2018,709198.9325,79,17,62.3,49.9,27.9,27.2,94.1,54.2,78.4,73.4,79.8,74.4,78.6,60,50,3.2,10,10,19.7,39.1,6.3,$23.00 ,4.5,5.4,"$3,667 ",7.3,3.2,93.8,59.1,NA,NA,NA,NA,NA,2013,4.5,2014,1.876,27.26538617,27.51760207,25.48983252,25.44035534,23.29819153,24.34473551,23.1955558,22.73776806,2018,4.494727976,2017,10574,2017,174.9,2017,43,0,0,0
KHM,Cambodia,2018,1411059,105,22,57.8,37.4,27.6,16.7,89.7,85.9,89.1,29.9,63,79.4,65.4,60,50,9.8,20,20,15,21.7,16,$64.30 ,6.9,7.1,"$4,012 ",0.2,2.9,"2,784.40",35.1,24542474061,51.8,16718.965,17.2,51.19798127,2015,0.8,2014,0.1682,31.34313632,30.91962359,31.28373261,30.33652957,28.58336628,26.76923854,25.20287478,25.61429187,2018,4.568680018,2017,31008,2017,193.7,2005,45,0,0,0
KIR,Kiribati,2018,66567,168,41,47.3,44.1,34.3,35.1,73,0,98.6,41.9,50.7,81.1,53.2,25,30,15.9,35,35,15.7,117.9,0.1,$0.20 ,3.1,3.6,"$1,976 ",N/A,2.2,1.4,26.3,NA,NA,NA,NA,NA,2015,1.9,2013,0.2028,13.17504079,13.35815463,12.59423175,12.32529751,11.39374232,11.51431847,10.53783926,10.64085586,2018,3.952627172,2016,129,2016,112.7,NA,NA,0,0,0
KNA,Saint Kitts and Nevis,NA,NA,NA,NA,NA,NA,NA,NA,NA,NA,NA,NA,NA,NA,NA,NA,NA,NA,NA,NA,NA,NA,NA,NA,NA,NA,NA,NA,NA,NA,NA,NA,NA,NA,NA,NA,2012,2.3,2015,2.523,NA,NA,NA,NA,NA,NA,NA,NA,NA,NA,2017,220,2017,400,NA,NA,0,0,0
KOR,"Korea, South",2018,88157579,29,7,72.3,79.3,57.5,50.5,64.2,68.6,96.8,91.3,57.4,82,80.4,70,70,4.8,46.2,27.5,26.3,32.4,51.5,"$2,029.00 ",3.1,3,"$39,434 ",3.7,1.9,"17,052.80",39.8,1.62E+12,29.24,51269.185,23.3,49.91688179,2015,11.5,2017,2.3661,29.80201,29.68119454,27.91595259,29.46191729,27.21311037,28.2142437,25.09854067,25.03942539,2018,14.41855583,2017,55198,2017,108.3,2018,23002,153,0,124
KWT,Kuwait,2018,6464847,90,8,60.8,52.9,43.3,35.3,97.7,17.3,99.1,57.4,61.7,70.6,79,55,60,3,0,15,1.6,52.5,4.4,$291.50 ,-2.5,-0.1,"$66,163 ",2.1,1.5,300.5,20.6,1.41E+11,35.61,4270.571,22.5,39.54817062,2014,2,2015,2.5789,62.74398094,62.82540677,64.07091103,62.61130895,55.62390422,65.40607715,60.84385161,60.74515954,2018,2.550472384,2017,6000,2017,145,NA,NA,75,0,66
LAO,Laos,2018,1251961.786,110,24,57.4,38.8,42.5,33.5,86.9,85.3,66.5,60.1,60.1,78.5,81.8,35,20,1.6,24,24,12.8,22.1,6.7,$49.20 ,6.8,7.4,"$7,366 ",0.7,0.8,813,62.8,NA,NA,NA,NA,NA,2012,1.5,2014,0.4997,31.73199577,29.66966026,30.29741812,30.25948938,28.39017177,26.13948876,25.80101805,25.10953834,2018,4.075149964,2015,8201,2015,123.1,NA,NA,0,0,0
LBN,Lebanon,2018,2981937,154,12,51.1,39.5,26.6,18.2,91.8,75.6,0,47.9,46.5,78.1,79,60,50,3,20,15,13.8,28.5,4.5,$87.70 ,1.2,1.5,"$19,439 ",6.6,4.5,"2,628.00",152.8,56639155556,43.38,6825.445,33.8,49.70580552,2014,2.9,2017,2.271,30.89212513,30.06910747,30.10805188,30.58809767,30.44456692,31.22929528,30.17186865,30.62111051,2018,7.002368134,2017,6458,2017,106.2,NA,NA,0,0,0
LBR,Liberia,1992,32000,160,37,49.7,26.7,39,24.2,82.7,62.1,69.1,50.6,38.3,68.9,60.1,55,20,12.4,25,25,21.8,35.5,4.5,$6.10 ,2.5,2.1,"$1,354 ",2.4,12.4,247.8,34.4,NA,NA,NA,NA,NA,2010,0.8,2015,0.0373,15.24919691,16.14705151,16.28820747,15.38285732,14.94227071,18.21280418,17.88677836,17.98411246,2018,3.2534318,2017,2211,2017,46.7,NA,NA,0,0,0
LBY,Libya,2018,927153.8807,N/A,N/A,N/A,7.6,24.4,15.8,N/A,0,20,40.2,51.3,52.8,N/A,5,N/A,N/A,10,20,N/A,139.2,6.4,$64.40 ,70.8,-7.9,"$9,986 ",17.7,28,N/A,4.7,NA,NA,NA,NA,NA,2014,3.7,2017,2.1581,50.1472295,44.63173396,44.9113635,49.2794823,47.50123391,51.53264014,52.1292063,54.25468179,2018,4.392040259,2014,6187,2014,99.7,NA,NA,0,0,0
LCA,Saint Lucia,NA,NA,38,4,68.7,65.9,63.8,50.3,76.2,79.3,81.3,76.3,69.2,83.9,73.2,65,40,5.9,30,30,24,26.3,0.2,$2.50 ,3,1.9,"$14,450 ",21,0.1,92.4,71.3,NA,NA,NA,NA,NA,2013,1.3,2009,0.1053,27.63597227,28.07865593,26.36748478,25.44480168,24.23630259,24.28323968,22.35339926,22.40081712,2018,9.806530356,2017,527,2017,294.4,NA,NA,0,0,0
LIE,Liechtenstein,NA,NA,N/A,N/A,N/A,N/A,N/A,N/A,N/A,N/A,N/A,N/A,N/A,N/A,N/A,85,80,N/A,7,12.5,N/A,N/A,"38,000 ppl.",$6.1 CHF (2014 ),N/A,N/A,"$139,100 (2009 est.)",2.1 (2016),N/A,N/A,N/A,NA,NA,NA,NA,NA,NA,NA,NA,NA,NA,NA,NA,NA,NA,NA,NA,NA,NA,NA,2017,73,2017,192.1,NA,NA,0,0,0
LKA,Sri Lanka,2018,5882376,115,25,56.4,44.7,39.4,28.9,84.9,88.3,30.4,75.1,58.8,70.1,76.2,40,40,4.4,24,28,12.3,19.8,21.4,$274.70 ,3.1,4.2,"$12,811 ",4.1,6.5,"1,374.90",79.4,88900770858,40.15,21413.249,13,51.96681766,2012,3.6,2017,0.958,31.03378115,31.23207466,30.08397283,28.89822769,26.92277652,25.33734371,14.02544523,11.09961724,2018,10.47321975,2017,20598,2017,98.7,2015,7407.39,0,0,0
LSO,Lesotho,1999,1300,142,28,53.1,41.5,45.7,30.9,59.4,33,63.5,53.3,58.8,75,81,55,40,2,35,25,47,47.3,1.9,$7.00 ,3.1,2.8,"$3,581 ",27.3,5.6,135,34.7,NA,NA,NA,NA,NA,2006,1.3,2010,0.0676,32.24059762,31.3547412,31.21324307,32.14869782,33.08010261,30.88497707,28.33683335,28.02865352,2018,4.901087497,2014,2073,2014,96.6,NA,NA,0,0,0
LTU,Lithuania,2018,26031,21,12,74.2,73.6,61.2,47.8,86.4,65.1,97.3,75.2,63.6,84.6,86,80,70,2,15,15,30.2,34.1,2.8,$91.20 ,3.8,3,"$32,299 ",7.1,3.7,595.4,36.5,53429066429,34.82,2722.289,28.8,53.79195865,2013,7.3,2016,4.337,14.97106496,14.50968278,13.78452468,12.98119203,12.84519425,12.45503512,11.82161558,11.85328236,2018,19.70503316,2017,6599,2017,228.3,2018,468,0,0,0
LUX,Luxembourg,2018,2099102,17,9,75.9,83,72.4,85.8,65.4,46.6,98.9,68.8,45.9,82.6,86,95,80,2,42,18,37.1,42.2,0.6,$62.70 ,3.5,3.8,"$106,374 ",5.5,2.1,"6,622.70",23,70885325883,30.17,625.978,23.5,49.53925897,2015,4.8,2017,3.0266,12.95878369,12.68599568,11.77557609,11.6053841,10.85761339,11.00665465,10.31198129,10.3646374,2018,14.18315418,2017,650,2017,111.5,2018,443,0,0,0
LVA,Latvia,2018,4058762,35,18,70.4,67.3,48.4,35.5,77,57.1,96.9,77.5,73.3,81.1,86,85,60,2,31.4,20,30.2,37.8,2,$53.90 ,4.5,2.8,"$27,644 ",8.7,2.9,721.2,34.8,34409229178,36.6,1886.198,37,54.01016666,2013,5.8,2016,3.1946,17.11506451,16.5726763,15.59855973,14.88430819,14.8790851,13.9682016,13.44747197,13.42645752,2018,20.04362032,2017,3765,2017,193.1,2018,41.5,0,0,0
MAC,Macau,2018,3157724,34,9,71,60,60,33.2,77.1,90.4,100,60,50,76.5,90,85,70,0,12,39,25,17.9,0.6,$71.80 ,9.3,-0.6,"$111,629 ",2,1.2,"1,996.80",0,NA,NA,NA,NA,NA,1970,5.295300007,1987,1.562,NA,NA,NA,NA,NA,NA,NA,NA,2018,10.48420293,2017,1284,2017,206.1,NA,NA,64,0,30
MAF,Sint Maarten,NA,NA,NA,NA,NA,NA,NA,NA,NA,NA,NA,NA,NA,NA,NA,NA,NA,NA,NA,NA,NA,NA,NA,NA,NA,NA,NA,NA,NA,NA,NA,NA,NA,NA,NA,NA,NA,NA,NA,NA,NA,NA,NA,NA,NA,NA,NA,NA,NA,NA,NA,NA,NA,NA,NA,NA,0,0,0
MAR,Morocco,2018,8132917,75,6,62.9,57.2,47.1,39.2,72.2,72.7,66.9,70.3,33.1,83.5,77.4,65,70,3.8,38,30,20.9,30.2,34.9,$298.60 ,4.2,3.4,"$8,567 ",9.3,0.8,"2,651.40",64.4,1.18E+11,49.53,36910.56,23.4,50.40384729,2014,1.1,2017,0.7273,29.6489603,29.26656426,27.79028358,29.25951913,29.94944999,31.44008691,32.93537423,32.59354146,2018,7.012904821,2017,83102,2017,232.5,2018,4475,0,0,0
MCO,Monaco,2018,316,NA,NA,NA,NA,NA,NA,NA,NA,NA,NA,NA,NA,NA,NA,NA,NA,NA,NA,NA,NA,NA,NA,NA,NA,NA,NA,NA,NA,NA,NA,NA,NA,NA,NA,2012,13.8,2014,6.5617,NA,NA,NA,NA,NA,NA,NA,NA,NA,NA,2017,29,2017,74.4,NA,NA,0,0,0
MDA,Moldova,2018,1135999,97,40,59.1,55.2,29.6,25.4,85.4,59.1,92,67,39,73.5,78,55,50,3.5,18,12,31.5,36.9,3.5,$20.10 ,4,4.4,"$5,661 ",4.5,6.6,213.8,37.7,11443671436,45.7,4033.963,24.2,52.03556312,2013,5.8,2015,3.2002,19.11610415,19.92486817,18.40928474,17.43239973,16.72646105,17.07913959,16.36379754,16.25103271,2018,11.46955634,2017,7510,2017,185.4,2017,77,0,0,0
MDG,Madagascar,2018,541290,114,15,56.6,33.2,24.4,14.3,91,91.8,85.5,47.3,44.6,72.4,69.2,55,50,7.9,20,20,10.1,16.6,25.6,$39.70 ,4.1,3.4,"$1,551 ",1.8,8.1,389.1,37.3,NA,NA,NA,NA,NA,2010,0.2,2014,0.1812,22.66201053,23.36285963,22.71642527,23.90916176,23.51776666,22.95040117,22.89570824,22.54228288,2018,2.986717126,2017,20975,2017,82,2007,10,0,0,0
MDV,Maldives,2018,1147247,141,37,53.2,43.9,36.4,33.5,95.8,60.8,10.7,78.3,70.8,81,62.6,35,30,11.2,0,0,20.5,36.1,0.4,$6.90 ,4.8,5.2,"$19,151 ",5,2.8,517.5,68.1,5327457150,53.83,540.544,28.3,37.26498146,2009,4.3,2016,1.0379,11.30982939,11.78963462,11.1574823,10.56967928,9.921230863,9.37394394,7.972428925,7.795820799,2018,3.703344606,2017,1852,2017,424.8,NA,NA,0,0,0
MEX,Mexico,2018,64569640,66,12,64.7,59.1,34.9,26.3,75.8,78.2,83.2,67.8,58.6,75.9,81.4,75,60,4.3,35,30,17.2,26.9,123.5,"$2,458.40 ",2,2.5,"$19,903 ",3.4,6,"29,695.00",54.2,1.22E+12,52.51,128932.753,14,51.08928083,2015,1.5,2016,2.2478,26.365439,27.74129679,25.98165883,25.44908967,23.09968975,22.13299585,20.70682854,20.92111579,2018,7.223684981,2017,181999,2017,140.9,NA,NA,0,0,0
MHL,Marshall Islands,2018,24313,NA,NA,NA,NA,NA,NA,NA,NA,NA,NA,NA,NA,NA,NA,NA,NA,NA,NA,NA,NA,NA,NA,NA,NA,NA,NA,NA,NA,NA,NA,NA,NA,NA,NA,2010,2.7,2012,0.4554,12.94670836,12.93217057,12.12353358,11.87438859,11.07022018,10.83766846,10.15200199,10.24133222,NA,NA,2014,35,2014,66.2,NA,NA,0,0,0
MKD,North Macedonia,2009,86868,33,17,71.1,65.1,60.7,44.7,91.8,70,82.9,80.2,71.5,78.7,82,65,60,4,10,10,24.8,31.6,2.1,$31.00 ,0,2.7,"$14,914 ",22.4,1.4,256.3,39.3,NA,NA,NA,NA,NA,2013,4.4,2015,2.8736,34.45696977,38.0831195,34.65781455,32.01504863,31.79054123,31.97598914,29.59326907,29.72694451,2018,13.67018138,2017,3031,2017,145.5,2018,63.232,0,0,0
MLI,Mali,2014,0,103,12,58.1,33.7,33.4,29.6,68.7,85.4,84.2,53.8,52.2,81.6,69.8,65,40,7.6,40,35,17.6,22.1,18.9,$41.00 ,5.3,5.3,"$2,170 ",7.9,1.8,265.6,35.6,NA,NA,NA,NA,NA,2010,0.1,2016,0.1393,36.39765973,35.14164437,34.7002263,32.30682338,33.91611574,41.92692766,38.48039528,38.52660616,2018,2.507229758,2014,5209,2014,30.7,2002,196.3,0,0,0
MLT,Malta,2018,2576898,41,20,68.6,69.8,50.4,50.3,64.2,56.1,94.5,67.1,61.3,78.2,86,85,60,2,35,35,33.6,38.3,0.5,$19.30 ,6.6,6.9,"$41,945 ",4,1.3,"3,185.20",52.6,14553422929,37.73,441.543,25.5,49.87330822,2014,4.7,2015,3.826,16.4493999,16.64430398,15.39716095,15.28194422,14.43540357,14.72246254,13.81139444,13.90954337,2018,20.3493243,2017,588,2017,136.4,NA,NA,0,0,0
MMR,Myanmar,2018,3407788.433,139,35,53.6,34.7,18.1,30.6,86.6,85.4,78.3,52.8,65.7,69.6,70.8,30,20,4.6,20,30,6.5,22.1,52.6,$328.70 ,6.7,7.2,"$6,244 ",0.8,5.1,"4,341.00",34.7,NA,NA,NA,NA,NA,2012,0.9,2017,0.864,44.05611525,43.61990347,42.5228124,42.88286944,40.28896854,38.51378205,36.033701,35.55745292,2018,5.784641933,2017,79668,2017,149.3,2004,4163,0,0,0
MNE,Montenegro,2018,565522,92,39,60.5,55.4,51.8,39.5,85.3,32.6,23.2,73.3,73.4,81.6,84.7,75,50,2.6,9,9,36.1,47.4,0.6,$11.00 ,4.2,3.2,"$17,736 ",16.1,2.4,545.9,67.5,5504166667,39.67,628.066,45.9,50.55901294,2012,4,2015,2.3337,25.0554063,26.62922388,24.68030289,23.27422599,21.94705168,22.55969129,20.92405137,20.78181355,2018,14.97493664,2017,1119,2017,177.9,2018,67,0,0,0
MNG,Mongolia,2018,670360,126,29,55.4,48.2,23.8,29.8,88.5,63.1,6.2,66,75,77.8,75.8,50,60,4.6,10,25,20.7,35.1,3.1,$39.70 ,5.1,5.7,"$12,979 ",7,4.6,"1,494.40",91.4,13066749138,57.76,3278.29,25.6,50.66954471,2012,7,2016,2.8866,43.30465329,45.36017005,42.6543748,42.32131127,39.29514006,42.51464988,38.22281711,40.11284905,2018,4.083538787,2017,3869,2017,125.8,2017,973,551,0,489
MNP,Northern Mariana Islands,NA,NA,NA,NA,NA,NA,NA,NA,NA,NA,NA,NA,NA,NA,NA,NA,NA,NA,NA,NA,NA,NA,NA,NA,NA,NA,NA,NA,NA,NA,NA,NA,NA,NA,NA,NA,NA,NA,1999,0.445,11.926381,12.19962657,11.43999611,10.96502021,10.3134722,10.39771204,9.91775575,9.892981129,NA,NA,2014,175,2014,321.3,NA,NA,0,0,0
MOZ,Mozambique,2018,540124,163,40,48.6,33.9,35.2,28.1,75.5,66.9,16.6,57.1,42,65.4,78,35,50,3.5,32,32,20.2,33.2,29.5,$36.70 ,3,5.6,"$1,244 ",25,15.3,"2,293.10",102.2,NA,NA,NA,NA,NA,2011,0.7,2017,0.0735,23.56146872,22.6090715,22.86760109,22.63615999,22.61416414,21.90588194,21.47182554,21.29869546,2018,2.890764457,2017,18185,2017,61.3,2011,246.8,0,0,0
MRT,Mauritania,2018,454435.6972,119,18,55.7,27.5,30.6,30.6,78,74.2,80.6,61.9,51.5,81.2,62.6,50,40,8.7,30,25,25.9,29.3,3.9,$17.30 ,3.2,3.5,"$4,444 ",9.9,2.3,329.6,91.1,NA,NA,NA,NA,NA,2006,0.4,2017,0.179,39.63741338,40.04314497,42.34351169,40.21579155,43.11078408,49.49825592,46.66758772,47.42299178,2018,3.141112158,2016,1920,2016,44.6,2008,47,0,0,0
MUS,Mauritius,2018,1745291,25,1,73,69.5,62.1,40.3,92.1,80.3,73.6,79.8,60.8,79.4,88.4,80,70,0.8,15,15,18.4,25.6,1.3,$27.50 ,3.9,3.6,"$21,640 ",7.1,3.7,292.7,60.2,14220348673,47.34,1271.768,21.6,50.5771064,2011,3.4,2015,2.0246,15.1947729,15.20170165,15.24585596,15.55617651,15.29264823,14.44195579,14.34637947,14.45782732,2018,11.47417307,2017,2560,2017,202.4,NA,NA,0,0,0
MWI,Malawi,2018,10545,153,32,51.4,35.8,40.1,25.2,79.8,70.3,19.1,41.7,64,65.5,75.4,50,50,4.8,30,30,14.8,31.5,19.2,$22.40 ,4,4,"$1,167 ",5.9,11.5,277.1,59.3,NA,NA,NA,NA,NA,2011,1.3,2016,0.0157,25.6961984,25.16500891,25.73840151,24.68347878,25.19822884,24.53742932,23.09261542,23.56592147,2018,2.64543493,2017,14795,2017,79.4,2007,44,0,0,0
MYS,Malaysia,2018,60481772,22,6,74,84.1,68.2,55.4,85.6,83.2,82.4,83.9,74.4,78.6,82,60,50,4,25,25,13.8,23.7,32.1,$930.80 ,5.9,5.2,"$29,041 ",3.4,3.8,"9,543.40",54.2,3.59E+11,60.66,32365.999,21.5,48.57852058,2015,1.9,2015,1.5132,18.59375306,19.20260869,19.1822225,17.55444704,16.92315529,17.44091023,15.75128619,16.03580871,2018,6.671754625,2017,55413,2017,175.2,2017,2028.503,420,143,215
NAM,Namibia,2018,602893,99,10,58.7,55.9,54.7,49.8,66.5,48.9,15.7,65.8,85.1,74.4,83,65,40,1,37,34,28.6,41.3,2.3,$26.50 ,-1.2,3.6,"$11,312 ",23.3,6.1,416,46.1,14521711634,68.14,2540.905,21.4,51.55369032,2009,2.7,2010,0.374,27.65989633,27.01015451,26.79870806,27.09281609,26.01812153,26.91001673,25.55214196,25.3587654,2018,3.636031681,2016,7400,2016,298.4,NA,NA,0,0,0
NCL,New Caledonia,NA,NA,NA,NA,NA,NA,NA,NA,NA,NA,NA,NA,NA,NA,NA,NA,NA,NA,NA,NA,NA,NA,NA,NA,NA,NA,NA,NA,NA,NA,NA,NA,NA,NA,NA,NA,NA,NA,1999,1.982,NA,NA,NA,NA,NA,NA,NA,NA,2018,9.174157925,2017,549,2017,198.9,NA,NA,0,0,0
NER,Niger,2017,14713,151,31,51.6,37.2,31,34.1,76.9,75.6,22.2,56.3,48.2,76.7,65.8,55,40,9.6,35,30,13.5,28.5,18.8,$21.80 ,5.2,5.4,"$1,164 ",0.4,2.4,334.3,46.5,NA,NA,NA,NA,NA,2015,0.3,2014,0.05,69.15017669,72.98276678,72.54464459,63.03171725,60.54135722,87.28128201,87.70847201,94.05381768,2018,2.595007883,2015,8525,2015,42.8,NA,NA,0,0,0
NGA,Nigeria,2018,8169192.31,111,14,57.3,36.5,34.3,20.5,85,96.5,68.2,51.2,83.3,65,62.4,45,40,11.3,24,30,5.2,10.8,188.7,"$1,118.80 ",0.8,2.7,"$5,929 ",7,16.5,"3,503.00",23.4,3.97E+11,64.64,206139.589,5.8,49.33611355,2004,0.5,2013,0.3827,52.60906391,50.97308923,56.1296377,49.74068894,48.63337361,75.39899187,71.369601,71.79817438,2018,2.747377005,2017,75772,2017,39.7,2005,173.632,0,0,0
NIC,Nicaragua,2000,61031,107,21,57.7,33.4,18.7,20.3,76.9,79.1,93.9,56,55.8,72.7,76,60,50,2,30,30,22.6,26.4,6.2,$36.40 ,4.9,4.8,"$5,849 ",4.4,3.9,896.6,33.6,NA,NA,NA,NA,NA,2014,0.9,2018,1.0056,22.4922691,22.47952015,22.35271161,21.92907575,19.38772134,18.56913277,17.7277291,17.61418045,2018,5.247497448,2014,10569,2014,175.7,NA,NA,0,0,0
NLD,Netherlands,2018,43996044.58,13,5,76.8,88,74.7,89.1,51.6,42.9,93.3,81.4,60.3,84,86,90,80,2,52,25,38.8,43.6,17.1,$916.10 ,3.1,1.8,"$53,635 ",4.8,1.3,"57,956.70",56.7,9.14E+11,28.54,17134.872,25.8,50.22094356,2009,4.7,2016,3.5067,15.23243025,14.98813864,13.81241373,13.04314511,12.82879707,12.93210515,12.02524278,12.03440807,2018,19.19619263,2017,10464,2017,61.4,2018,18535,0,0,0
NOR,Norway,2004,12277222,26,15,73,86.1,81.2,92.3,57.4,25.3,97.3,89.4,53.7,75.4,83.2,75,60,3.4,47.8,23,38,49.9,5.3,$380.00 ,1.8,1.6,"$71,831 ",4.2,1.9,"-8,296.90",36.7,4.34E+11,33.51,5421.241,20.2,49.52463113,2013,3.9,2017,4.6336,8.341507223,8.853510781,7.925281241,7.633674824,7.670895927,7.242775336,6.95945733,6.956519803,2018,17.04922216,2017,3373,2017,63.6,2017,3096,0,0,0
NPL,Nepal,2018,3296953,136,34,53.8,39.2,34.7,26.2,84,83.7,98.5,61.8,47.9,69.4,60.4,10,30,12.3,25,25,18.7,23.3,29.3,$78.60 ,7.5,4.3,"$2,679 ",2.7,4.5,198,27.2,29040398982,35.7,29136.808,22.8,54.53534333,2012,0.3,2017,0.6507,100.7844279,100.7660607,96.96329149,95.31398561,98.11601657,96.25276818,98.05471403,99.73437372,2018,5.727670776,2017,18881,2017,64.4,NA,NA,0,0,0
NRU,Nauru,2018,45457,NA,NA,NA,NA,NA,NA,NA,NA,NA,NA,NA,NA,NA,NA,NA,NA,NA,NA,NA,NA,NA,NA,NA,NA,NA,NA,NA,NA,NA,NA,NA,NA,NA,NA,2010,5,2015,1.2389,NA,NA,NA,NA,NA,NA,NA,NA,NA,NA,2014,14,2014,126.5,NA,NA,0,0,0
NZL,New Zealand,2018,17249049.95,3,3,84.4,95,83.5,96.7,71,50.4,98.6,91,86.7,87.5,92.4,80,80,1.3,33,28,32.1,40.7,4.8,$188.60 ,3,3.3,"$38,934 ",4.9,1.9,"3,572.00",26.4,2.05E+11,40.89,4822.233,16,50.8377694,2013,2.8,2016,3.0252,7.152865691,7.420696435,6.83583564,6.781885551,6.357903512,6.33043381,5.987363154,5.956001129,2018,15.65242453,2017,10435,2017,221.7,1998,321,56,0,56
OMN,Oman,2018,10438241,88,7,61,58.1,51.6,53.8,97.8,32.5,16.1,75.2,57.3,77.7,87,65,60,1.5,0,12,8.5,47.4,4.1,$186.60 ,-0.3,2.7,"$45,157 ",3.3,1.6,"1,867.40",44.2,79276723017,21.55,5106.626,11.1,34.01408352,2014,1.6,2017,1.9697,37.51533394,39.10379482,40.73328348,41.0527687,37.71088051,42.62758972,41.78219181,41.11523827,2018,2.392786956,2013,1300,2013,35,NA,NA,0,0,0
PAK,Pakistan,2018,6880637,131,32,55,41.5,40.2,30.6,80.5,87.6,49.2,56.1,41.8,72.6,64.8,55,40,10.1,30,30,12.4,20.3,197.3,"$1,057.00 ",5.3,4.3,"$5,358 ",4,4.1,"2,806.00",67.2,3.15E+11,44.58,220892.34,20.1,48.53807472,2014,0.6,2015,0.9753,68.00519044,68.54493561,62.37664629,61.02216287,59.51836271,60.08589291,58.63276393,58.28241877,2018,4.312774311,2017,83718,2017,42.5,2018,24903,0,0,0
PAN,Panama,2018,12939350,50,9,67.2,60.4,30.1,34.1,85,85.3,91.3,73.6,43.4,79.4,79.2,75,70,5.4,25,25,15.8,22.2,4.1,$103.90 ,5.4,5.8,"$25,351 ",4.5,0.9,"5,319.20",38.2,65055100000,45.47,4314.767,6.1,49.90538365,2013,2.3,2016,1.5699,14.13891846,14.29603899,13.97236651,13.3978705,12.92161513,12.49074394,11.46554742,11.40005433,2018,8.10473108,2017,16155,2017,394.1,NA,NA,0,0,0
PER,Peru,2018,17758527.27,45,7,67.8,56.1,34,31.8,80.6,86.1,88.5,67.8,63.5,83.9,86.4,75,60,1.8,30,28,16,21.5,31.8,$424.40 ,2.5,3.6,"$13,334 ",3.6,2.8,"6,769.50",25.5,2.22E+11,64.58,32971.854,4.8,50.33775549,2014,1.6,2016,1.27,31.50257401,31.57116569,30.49445583,29.74308641,27.5826726,26.03726793,25.54274604,24.78672805,2018,8.088392792,2017,89494,2017,278.2,1998,127,0,0,0
PHL,Philippines,2018,43080118,70,15,63.8,48.7,36.4,30.9,76.9,88.7,97.1,61.3,57.9,69.6,78.2,60,60,3.4,35,30,13.7,19.4,105.3,$875.60 ,6.7,6.6,"$8,315 ",2.4,3.2,"9,524.30",37.8,3.31E+11,41.09,109581.078,24.3,49.74165739,2011,1,2010,1.275,23.59231552,22.75483447,22.54958361,21.21628777,20.25958716,19.58154202,18.22692834,18.06979891,2018,5.122568768,2016,170543,2016,165.1,2016,384,702,127,509
PLW,Palau,NA,NA,NA,NA,NA,NA,NA,NA,NA,NA,NA,NA,NA,NA,NA,NA,NA,NA,NA,NA,NA,NA,NA,NA,NA,NA,NA,NA,NA,NA,NA,NA,NA,NA,NA,NA,2010,4.8,2014,1.1848,NA,NA,NA,NA,NA,NA,NA,NA,NA,NA,2017,87,2017,395.5,NA,NA,0,0,0
PNG,Papua New Guinea,2018,964713,101,21,58.4,37.4,49,37.2,71.8,89.1,75.2,62.2,72.6,70,80.9,25,30,2,42,30,12.5,19.1,8.3,$30.30 ,2.5,5.8,"$3,675 ",2.7,5.2,-200.5,32.6,NA,NA,NA,NA,NA,1990,4.024199963,2010,0.0529,14.94135871,15.51903383,14.60653316,13.95262793,13.24529823,13.2617261,12.61505599,12.29441826,2018,3.445269251,2016,4945,2016,61.1,NA,NA,0,0,0
POL,Poland,2018,9277538,46,23,67.8,62.3,44,49.8,74.9,48.8,86.4,65.4,63.9,82.1,86,80,70,2,32,19,33.6,41.3,38,"$1,121.00 ",4.6,3.2,"$29,521 ",4.9,2,"6,433.50",51.4,5.86E+11,29.67,37846.611,28,51.53070738,2013,6.5,2016,2.3998,27.17650018,26.37250707,24.26397739,22.9287237,22.21089179,22.69131805,20.9757679,20.87782222,2018,17.51781676,2017,74480,2017,195.1,2016,9466.3,10,0,0
PRI,Puerto Rico,NA,NA,NA,NA,NA,NA,NA,NA,NA,NA,NA,NA,NA,NA,NA,NA,NA,NA,NA,NA,NA,NA,NA,NA,NA,NA,NA,NA,NA,NA,NA,NA,NA,NA,NA,NA,1996,3.319999933,1995,1.75,10.37254851,10.57940611,9.96624445,9.703754136,9.089227717,8.920910287,8.342871258,8.349033339,2018,18.67485021,2017,10039,2017,274.1,NA,NA,0,0,0
PRK,Korea (Democratic People's Republic of),2018,103560,180,43,5.9,31.6,5,24.4,0,0,0,5,5,0,0,0,0,50,N/A,N/A,N/A,100,25.4,$40.0 (2015 est.),1.1,N/A,"$1,700 (2015 est.)",4.8,N/A,63.4,N/A,NA,NA,NA,NA,NA,2012,13.2,2017,3.6745,39.34265696,38.89336879,36.40751446,37.13485586,35.2402154,37.41178381,31.75842415,32.00745162,2018,9.33452041,NA,NA,NA,NA,NA,NA,0,0,0
PRT,Portugal,2018,17367956,62,30,65.3,71.5,64.3,59.5,59.9,35.6,69.8,79.7,44.3,83,86,70,60,2,48,23,34.4,46.3,10.3,$313.40 ,2.7,1.2,"$30,417 ",8.9,1.6,"6,945.60",125.6,2.41E+11,30.11,10196.709,22.7,52.71196171,2013,3.4,2016,3.3356,10.07688693,10.35501263,9.484802799,9.432044129,8.78479289,8.823283435,8.052763686,8.160752248,2018,21.95385754,2017,13587,2017,131.5,2017,4032.713,0,0,0
PRY,Paraguay,2018,560631,85,18,61.8,39.5,30,25.5,96.3,78.9,96.3,61.5,29.2,72.8,76.6,75,60,4.2,10,10,13,26.5,7,$68.30 ,4.3,6,"$9,826 ",4.6,3.6,355.8,25.6,NA,NA,NA,NA,NA,2011,1.3,2018,1.366,15.10292317,14.59811855,13.94830615,12.92656928,12.6410755,13.03807402,11.64932248,11.90908085,2018,6.430215009,2017,14061,2017,206.4,1996,3,0,0,0
PSE,"Palestine, State of",NA,NA,NA,NA,NA,NA,NA,NA,NA,NA,NA,NA,NA,NA,NA,NA,NA,NA,NA,NA,NA,NA,NA,NA,NA,NA,NA,NA,NA,NA,NA,NA,NA,NA,NA,NA,1996,1.200000048,2001,0.837,33.00667425,32.87331274,32.76945904,33.49296358,33.44828276,33.89141151,32.74206764,33.22563038,2018,3.133305737,2016,8155,2016,170.1,NA,NA,0,0,0
PYF,French Polynesia,NA,NA,NA,NA,NA,NA,NA,NA,NA,NA,NA,NA,NA,NA,NA,NA,NA,NA,NA,NA,NA,NA,NA,NA,NA,NA,NA,NA,NA,NA,NA,NA,NA,NA,NA,NA,NA,NA,2000,1.697,NA,NA,NA,NA,NA,NA,NA,NA,2018,8.290508105,2017,569,2017,201.1,NA,NA,0,0,0
QAT,Qatar,2018,29178923,28,3,72.6,64.5,60,77.4,99.7,56.8,94,71.2,65.9,78.4,83.2,60,60,3.4,0,0,5.7,37.9,2.7,$340.60 ,2.1,3.3,"$124,529 ",0.1,0.4,986,54,1.91E+11,12,2881.053,20.6,24.49528738,2014,1.2,2017,8.00E-04,84.12290235,81.2730055,89.24697128,88.89051503,78.83284035,94.40389119,88.22244652,91.18732793,2018,1.370070339,2013,1150,2013,51.1,NA,NA,0,0,0
ROU,Romania,2018,4908235,42,21,68.6,66.7,51.9,39.8,89.7,69,89.3,63.1,64.5,82.7,86,70,50,2,10,16,26,32.1,19.6,$481.50 ,7,4.5,"$24,508 ",4.9,1.3,"5,160.00",36.9,2.40E+11,27.84,19237.691,29.7,51.34374306,2013,6.3,2016,2.2586,17.06214749,17.63675464,16.31584539,15.36930935,15.00649546,15.43355526,14.53706284,14.61134019,2018,18.33870139,2017,23450,2017,119.2,2017,5365.914,99,0,71
RUS,Russia,2018,99327311,98,41,58.9,52.4,45.1,36.6,89.4,62.3,86.6,78.4,52.5,65.1,77.8,30,30,3.6,13,20,22.2,35.4,144,"$4,007.80 ",1.5,0.3,"$27,834 ",5.2,3.7,"25,284.00",17.4,NA,NA,NA,NA,NA,2013,8.2,2016,4.0139,19.48031098,19.19151083,18.30433841,17.79507055,16.58216295,17.0191912,16.21988971,16.16022381,2018,14.67470832,2017,602176,2017,418.2,2018,129370.701,31,0,0
RWA,Rwanda,2018,1073528,32,2,71.1,72.2,83.2,67.9,79.8,79.4,86.3,56.2,82.2,76.1,70.4,60,40,7.3,30,30,15,26.2,11.8,$24.60 ,6.1,6.7,"$2,080 ",1.3,4.8,366.2,40.6,NA,NA,NA,NA,NA,2007,1.6,2017,0.1346,41.44091192,42.68095937,44.56089624,44.41158508,42.21148744,42.61448971,42.84380209,43.21021716,2018,2.938196078,2017,61000,2017,499.7,NA,NA,0,0,0
SAU,Saudi Arabia,2018,39141660,91,9,60.7,55,62.7,49.8,99.8,57.5,19.4,72.3,63.3,78.1,76,45,50,4.5,2.5,2.5,3.4,37.6,32.4,"$1,773.60 ",-0.7,2.3,"$54,777 ",5.5,-0.9,"1,421.00",17.3,7.87E+11,28.22,34813.871,15.6,42.44584798,2014,2.7,2016,2.39,81.69918208,82.41903191,85.51330311,83.63099223,75.60844062,97.432289,84.46577505,87.94544668,2018,3.314088023,2017,68056,2017,206.6,2018,134.65,0,0,0
SDN,Sudan,2018,269958.48,166,41,47.7,27.5,22.2,26.2,86.3,96.6,76.1,52.1,59,56.9,45,5,20,17.5,10,35,6.7,10.6,40.8,$187.00 ,3.2,3,"$4,586 ",12.7,32.4,"1,065.30",126,NA,NA,NA,NA,NA,2013,0.8,2015,0.41,47.26205558,51.15242727,49.68593895,48.02814491,48.14174218,58.90478573,54.14727633,55.37083444,2018,3.581160528,2017,21000,2017,51.8,2014,81.5,0,0,0
SEN,Senegal,2018,21038,117,16,56.3,47.8,40.4,40.3,70.8,73.3,60,53.3,39.4,78.2,72,60,40,9,40,30,20.4,29.8,15.9,$43.20 ,7.2,5.6,"$2,727 ",4.9,1.4,532.3,61.2,NA,NA,NA,NA,NA,2008,0.3,2016,0.0692,34.98538395,35.93539952,36.16775596,34.0182249,36.82683776,44.34080072,38.69494655,40.6958259,2018,3.086823701,2017,9321,2017,58.8,2006,129,0,0,0
SGP,Singapore,2018,40401515,2,2,89.4,97.4,92.4,95.1,90.4,90.7,80,90.8,91,85.3,94.8,85,80,0.1,22,17,13.7,17.6,5.6,$527.00 ,3.6,3.5,"$93,906 ",2,0.6,"62,006.00",110.9,3.64E+11,27.7,5850.342,16.5,47.65812541,2015,2.4,2016,2.3063,20.60946174,19.34942078,20.88649301,18.70707148,17.40887705,20.66338947,18.79780262,19.0782565,2018,11.46338019,2017,11691,2017,204.8,NA,NA,16428,2052,11206
SLB,Solomon Islands,2018,427806,133,33,54.6,49.9,51.7,33.5,65.5,36.5,89.4,68.6,72,86,56.8,15,30,14.1,40,30,30.8,46,0.6,$1.30 ,3.2,2.9,"$2,157 ",2.1,-0.4,36.5,10,NA,NA,NA,NA,NA,2012,1.4,2016,0.1999,14.37425559,14.37537331,13.43024493,12.55325496,12.17203082,12.69969555,11.83068915,11.87912184,2018,3.598950459,2017,477,2017,78.1,NA,NA,0,0,0
SLE,Sierra Leone,2012,50193,167,42,47.5,35.5,34.5,26.2,87.3,84.4,13.2,44.9,29.3,65,69.4,60,20,10.3,15,30,12.2,22.8,7.4,$11.50 ,3.5,2.9,"$1,553 ",4.5,18,560,58.4,NA,NA,NA,NA,NA,2006,0.4,2011,0.025,18.52888841,18.74315581,20.10129417,18.43566679,17.69823222,22.52859793,21.34393233,21.62594668,2018,2.966556211,2017,4519,2017,59.8,NA,NA,0,0,0
SLV,El Salvador,2018,2545105,84,17,61.8,37.6,29.1,23.4,78.1,86.3,81.9,57.2,53.1,79,81.4,75,60,1.8,30,30,19.7,21.4,6.4,$57.00 ,2.4,2.1,"$8,948 ",4.5,1,791.9,59.3,NA,NA,NA,NA,NA,2014,1.3,2016,1.569,30.46194135,33.62826513,30.93397435,30.75988157,27.50259084,26.47473092,24.73648611,24.47229229,2018,8.287090005,2017,38330,2017,601,1996,4.5,0,0,0
SMR,San Marino,NA,NA,NA,NA,NA,NA,NA,NA,NA,NA,NA,NA,NA,NA,NA,NA,NA,NA,NA,NA,NA,NA,NA,NA,NA,NA,NA,NA,NA,NA,NA,NA,NA,NA,NA,NA,2012,3.8,2014,6.1468,NA,NA,NA,NA,NA,NA,NA,NA,NA,NA,2017,3,2017,9.1,NA,NA,0,0,0
SOM,Somalia,2018,4486,N/A,N/A,N/A,33.7,26.6,7.9,N/A,N/A,N/A,31.7,N/A,N/A,N/A,N/A,N/A,N/A,N/A,N/A,N/A,N/A,14.3,$18.70 ,1.8,2.2,N/A,6,N/A,384,N/A,NA,NA,NA,NA,NA,2014,0.9,2014,0.0229,29.00018535,31.23015581,31.58710495,29.5515726,30.40108067,32.01839243,31.75174608,32.03458423,2018,2.873310943,NA,NA,NA,NA,NA,NA,0,0,0
SRB,Serbia,2018,2262703,69,34,63.9,50.1,44.8,37.2,82,45.1,90.1,72.9,67.4,80,77,70,50,6.5,10,15,38.4,42.8,7,$105.50 ,1.8,1.2,"$15,000 ",14.1,3.1,"2,866.70",61.5,50597289147,37.63,8737.371,38.9,51.00252296,2012,5.7,2016,3.125,29.10058899,31.03402776,28.5847484,27.43078591,26.49207255,26.95437789,24.78062162,24.72635819,2018,18.34579269,2017,10807,2017,122.9,2017,377,0,0,0
SSD,South Sudan,NA,NA,NA,NA,NA,NA,NA,NA,NA,NA,NA,NA,NA,NA,NA,NA,NA,NA,NA,NA,NA,NA,NA,NA,NA,NA,NA,NA,NA,NA,NA,NA,NA,NA,NA,NA,NA,NA,NA,NA,43.22533996,45.10147241,43.97405864,42.64200121,41.90056033,47.76803169,44.84657199,45.57750557,2018,3.39848288,2015,6504,2015,54.7,NA,NA,0,0,0
STP,Sao Tome and Principe,2009,50716,134,24,54,37.4,26.6,35.5,87.2,67,62.3,65.1,42.7,70.5,64.2,60,30,10.4,20,25,15.9,33.2,0.2,$0.70 ,4,4.1,"$3,180 ",13.5,5.5,41,83.3,NA,NA,NA,NA,NA,2011,2.9,2015,0.32,27.12662111,27.86024402,25.91584337,27.65881666,27.86230189,28.43209352,28.6665386,28.53958436,2018,2.925678109,2017,251,2017,123,NA,NA,0,0,0
SUR,Suriname,2018,272347,165,28,48.1,49.1,22.2,35.5,70.9,77.2,9.6,48.3,73.5,56,64.6,40,30,10.2,38,36,13.2,27.6,0.6,$8.50 ,0,-0.9,"$14,606 ",8.1,22,-87.3,72.1,NA,NA,NA,NA,NA,2010,3.1,2018,1.2265,29.83188899,31.03872183,29.1336101,28.80831685,25.99884713,25.9732844,25.31697817,24.78001054,2018,6.906369902,2014,1000,2014,182.5,NA,NA,0,0,0
SVK,Slovakia,2017,7925,65,32,65,68.5,37.2,37.7,78.6,46.1,87.2,61.3,53.4,78.6,86,75,70,2,25,21,32.7,42.4,5.4,$179.40 ,3.4,3,"$33,025 ",8.1,1.3,"2,276.70",50.4,NA,NA,NA,NA,NA,2015,5.8,2016,2.4643,21.69021974,21.76719851,19.76493293,19.31549268,18.30418161,18.8026457,17.35366264,17.56291134,2018,15.6292465,2017,10478,2017,192.3,2018,3815.147,0,0,0
SVN,Slovenia,2018,1094762,58,29,65.5,76.4,46.5,53.6,58.4,38.3,82.6,79.3,61.2,83.6,86,70,50,2,50,17,37,45.4,2.1,$71.10 ,5,2.5,"$34,407 ",6.6,1.4,702,75.4,54007972106,22.01,2078.938,22.5,50.24520703,2013,4.6,2016,2.9953,18.6816561,19.5141379,17.67007906,17.57137864,16.63270074,17.12815192,15.91273727,16.02397998,2018,19.60687965,2017,1316,2017,63.3,2018,655.88,5,0,0
SWE,Sweden,2004,11623925,19,10,75.2,89.5,84,88,43.2,26.7,96.6,88,53.9,82,86,85,80,2,57,22,44.1,49.4,10.1,$520.90 ,2.4,2.8,"$51,475 ",6.7,1.9,"15,395.70",40.9,5.56E+11,47.21,10099.265,18.8,49.94577617,2013,2.6,2016,5.3996,7.209759036,7.391221331,6.627941996,6.431168897,6.959197681,6.322498333,6.114258462,6.18466509,2018,20.09552493,2017,5713,2017,57.6,2016,6339,208,0,173
SWZ,Eswatini,2000,89791,132,23,54.7,41.7,42.9,35,74.8,65.6,18.3,59.2,67.5,73.7,87.6,50,40,1.2,33,28,25.5,33.9,1.1,$11.30 ,0.2,2,"$9,884 ",26.4,6.3,-136.8,29.2,NA,NA,NA,NA,NA,2011,2.1,2016,0.0796,18.12819268,17.97331213,18.1823313,18.30780849,17.97877739,17.92480826,17.14854776,17.16878731,2018,4.014587941,2015,3610,2015,273.7,2011,0.068,0,0,0
SXM,St Martin,NA,NA,NA,NA,NA,NA,NA,NA,NA,NA,NA,NA,NA,NA,NA,NA,NA,NA,NA,NA,NA,NA,NA,NA,NA,NA,NA,NA,NA,NA,NA,NA,NA,NA,NA,NA,NA,NA,NA,NA,NA,NA,NA,NA,NA,NA,NA,NA,NA,NA,2017,120,2017,300,NA,NA,0,0,0
SYC,Seychelles,2018,455201,87,6,61.4,58.2,37.5,39.2,76.3,60.3,92,63.3,63.2,80,81.4,55,30,4.3,15,33,32.6,36.4,0.1,$2.70 ,4.2,4.9,"$28,779 ",N/A,2.9,191.9,63.3,NA,NA,NA,NA,NA,2011,3.6,2016,0.9458,21.09126804,21.61035805,21.49533511,20.96973692,20.97051747,20.05359496,20.40382446,20.17864936,2018,7.594545604,2017,423,2017,445.3,NA,NA,0,0,0
SYR,Syria,2018,17896.92117,N/A,N/A,N/A,37,24.4,20.3,N/A,N/A,N/A,49.6,58.2,48.3,47,0,N/A,16.5,22,28,N/A,N/A,18.4,N/A,N/A,N/A,N/A,14.9,N/A,N/A,N/A,NA,NA,NA,NA,NA,2014,1.5,2016,1.22,42.65768485,41.12495285,41.01683877,41.91496819,41.53448066,44.31390854,43.70255284,43.75725947,2018,4.503124421,2004,10599,2004,59.5,2013,1223,0,0,0
TCA,Turks and Caicos Islands,NA,NA,NA,NA,NA,NA,NA,NA,NA,NA,NA,NA,NA,NA,NA,NA,NA,NA,NA,NA,NA,NA,NA,NA,NA,NA,NA,NA,NA,NA,NA,NA,NA,NA,NA,NA,NA,NA,NA,NA,NA,NA,NA,NA,NA,NA,NA,NA,NA,NA,NA,NA,NA,NA,NA,NA,0,0,0
TCD,Chad,2014,28332,159,36,49.9,26.7,24.6,23.2,46.1,92.4,85.2,28.1,43.2,82.3,47.2,60,40,16.4,60,45,5.3,15.9,12.2,$28.60 ,-3.1,1,"$2,344 ",5.9,-0.9,335,52.5,NA,NA,NA,NA,NA,2005,0.4,2016,0.0475,56.58662749,55.19515958,58.67538804,53.0564069,51.24716851,68.68239375,64.77076912,66.0292055,2018,2.480518944,2015,8000,2015,57.1,NA,NA,0,0,0
TGO,Togo,2018,566295,158,35,50.3,35.5,29.6,28.1,67.8,77,24.5,50.4,46.7,79.1,69.4,65,30,10.3,45,27,21.5,27.7,7.8,$12.90 ,4.4,5.5,"$1,659 ",1.8,-0.7,145.6,78.6,NA,NA,NA,NA,NA,2011,0.7,2015,0.0487,30.52294447,30.85480627,31.36920959,29.56592775,28.93629146,38.35682101,37.05110734,35.73133561,2018,2.869468011,2017,4859,2017,62.3,NA,NA,0,0,0
THA,Thailand,2018,76053042.75,43,10,68.3,53.7,45.9,36.4,81.3,85.8,96.5,82.5,63.9,75.2,83,55,60,3.5,35,20,15.6,21.8,69.1,"$1,233.70 ",3.9,2.8,"$17,856 ",1.1,0.7,"7,635.20",41.9,5.05E+11,41.29,69799.978,19.9,51.26870461,2010,2.1,2017,0.8096,31.56539944,31.60962923,31.52531464,31.17472364,29.36464114,27.34456692,26.25805467,26.25672656,2018,11.90089314,2017,372979,2017,540.3,2011,8032,697,167,428
TJK,Tajikistan,2018,492320,122,28,55.6,47.8,52.1,36.4,91.8,64.6,60.3,67.3,49.2,68.5,73.6,25,30,5.7,13,15,20.6,34.3,8.8,$28.40 ,7.1,6.8,"$3,212 ",10.3,7.3,141.3,47.8,NA,NA,NA,NA,NA,2013,4.8,2014,1.7003,50.40541765,54.319961,48.98960355,49.55313763,46.48082923,47.79297353,43.37770931,46.15218537,2018,3.021887552,2010,9317,2010,121.9,2017,28,0,0,0
TKM,Turkmenistan,2018,2457474,164,40,48.4,31.6,29.8,20.3,95.9,92,92.3,30,20,73.4,76,10,10,2,10,8,15.6,16.4,5.7,$103.50 ,6.5,7.9,"$18,126 ",3.4,8,"2,313.50",28.8,NA,NA,NA,NA,NA,2013,7.4,2014,2.2248,24.85182927,25.49609942,23.80201005,23.7218898,22.08490686,22.97054002,21.74112228,21.76772098,2018,4.426634462,2017,30452,2017,528.9,2017,2340,0,0,0
TLS,Timor-Leste,NA,NA,172,42,44.2,29.7,13.1,32.1,96.3,0.9,20,60.5,58.8,79.5,75,45,20,2.5,10,10,13.1,57.5,1.2,$6.80 ,-0.5,3.1,"$5,444 ",3.4,0.6,6.7,0,NA,NA,NA,NA,NA,2010,5.9,2017,0.7197,23.49239604,23.75671867,22.46662382,21.96462302,20.45010047,20.62318671,20.01790265,19.25720917,2018,4.316492294,2017,659,2017,50.8,NA,NA,0,0,0
TON,Tonga,2004,75416,108,23,57.7,59.2,26.6,38.1,85.5,40.9,93.4,75.3,69.9,69.4,73.6,40,20,5.7,20,25,20.7,44.4,0.1,$0.60 ,3.1,2.4,"$5,608 ",1.1,8,13.8,48,NA,NA,NA,NA,NA,2010,2.6,2013,0.5223,13.53194839,13.5170884,12.43817111,12.14771339,12.05763996,11.31296782,10.95142376,10.78547886,2018,5.953661444,2014,176,2014,166.4,NA,NA,0,0,0
TTO,Trinidad and Tobago,2018,2525130,112,22,57,52.3,40.6,32.9,82.3,61.9,16.6,67.8,75.6,75.1,68.4,60,50,8.3,25,25,22.8,35.7,1.4,$43.00 ,-2.6,-1.3,"$31,367 ",4.8,1.9,178.7,41.3,NA,NA,NA,NA,NA,2014,3,2015,2.6697,28.70418626,29.85162487,27.94250467,27.15873901,24.85584226,24.8980769,24.23048069,24.10856843,2018,10.73495352,2017,3999,2017,292.1,NA,NA,0,0,0
TUN,Tunisia,2018,4274199,125,10,55.4,49.2,42.7,36.6,74.4,74.4,37.9,76.7,50.3,76,71.4,45,30,9.3,35,30,20.8,29.2,11.5,$135.40 ,1.9,1.7,"$11,755 ",15.4,5.3,879.5,71.3,39871132268,40.64,11818.619,32.7,50.43715186,2015,2.3,2016,1.2722,35.54548859,33.86835212,32.81580557,35.65414466,34.69205883,36.30424932,38.45049077,37.65599375,2018,8.315679079,2017,20755,2017,180,2017,1164,0,0,0
TUR,Turkey,2018,115595495.8,68,33,64.6,55.8,49.8,41.2,76.4,65.1,92.2,66,49.2,70,79.6,70,60,2.7,35,22,25.5,34.1,80.8,"$2,173.20 ",7,6,"$26,893 ",11.3,11.1,"10,864.00",28.5,7.71E+11,39.86,84339.067,27.2,50.6778132,2013,2.7,2014,1.7605,43.82122875,40.54510881,41.92091892,42.06258311,42.59577121,45.4015556,44.48275839,44.31152568,2018,8.48321294,2017,260000,2017,322,2018,5560,0,0,0
TUV,Tuvalu,NA,NA,NA,NA,NA,NA,NA,NA,NA,NA,NA,NA,NA,NA,NA,NA,NA,NA,NA,NA,NA,NA,NA,NA,NA,NA,NA,NA,NA,NA,NA,NA,NA,NA,NA,NA,2001,5.6,2014,0.9174,NA,NA,NA,NA,NA,NA,NA,NA,NA,NA,2014,11,2014,100.8,NA,NA,0,0,0
TZA,Tanzania,2018,1481557,94,7,60.2,35.4,41.4,33.2,80.5,90.3,85.2,46.6,66.2,70.4,67.8,55,50,8.6,30,30,12.4,18,50,$162.20 ,6,6.8,"$3,240 ",2.2,5.3,"1,180.40",38.2,58001200572,59.83,59734.218,14.8,50.05101091,2010,0.7,2014,0.0399,28.60753269,28.72876866,29.96984478,29.35963299,28.87371592,28.2404487,28.44356969,29.07664051,2018,2.601299178,2015,34404,2015,63.9,2006,475,0,0,0
UGA,Uganda,2018,21537,95,8,59.7,42.2,38.5,25.4,73.3,88.7,68.6,46.3,83.2,80.1,75.4,55,40,7.3,40,30,12.9,19.4,37.7,$88.70 ,4.5,4.3,"$2,354 ",2.1,5.6,699.7,39,NA,NA,NA,NA,NA,2010,0.5,2015,0.0908,44.75869737,47.06116817,49.62672958,47.72115871,46.93056685,48.94936019,51.94410661,50.49432132,2018,1.94098692,2017,54059,2017,126.1,NA,NA,0,0,0
UKR,Ukraine,2018,7854842,147,44,52.3,43.9,31.5,29.6,81.8,46.9,82.6,66.1,46.7,58.6,75,35,30,2.5,20,18,33.1,42.1,42.3,$368.80 ,2.5,-2.3,"$8,713 ",9.5,14.4,"2,202.00",75.6,1.31E+11,49.04,43733.762,28.9,53.6877507,2013,8.8,2014,3.0075,23.52265648,23.97110359,22.3287933,21.5323995,20.48689522,21.24645457,20.618187,20.30977582,2018,16.43468644,2017,57100,2017,129.1,2017,28001,0,0,0
URY,Uruguay,2009,563632,40,6,68.6,68.3,58.9,69.2,77.2,67.5,69.9,74.3,71.9,72.9,78.6,85,30,5.7,30,25,27.4,32.9,3.5,$78.10 ,3.1,2.6,"$22,371 ",7.9,6.2,-124.6,66.2,59596885024,52.33,3473.73,16.8,51.72154269,2014,2.8,2017,5.0499,11.02705557,11.4687322,10.5672946,10.45560559,9.926816159,9.65945432,9.197441119,9.27488332,2018,14.81451953,2017,11078,2017,320.5,2015,8,0,0,0
USA,US,2018,889022000,12,2,76.8,79.3,78.6,77.4,75.1,57.1,53.1,83.8,89.4,76.6,86.6,85,80,1.7,37,21,26,37.8,325.9,"$19,390.60 ",2.3,2.2,"$59,501 ",4.4,2.1,"275,381.00",107.8,2.05E+13,46.73,331002.651,21.8,50.52001465,2013,2.9,2016,2.5948,9.35863641,9.740640607,9.00316337,8.734777211,8.220720319,8.063920222,7.406464089,7.409441662,2018,15.80765406,2016,2162400,2016,671.1,2018,10239.3922,7206,0,2245
UZB,Uzbekistan,2018,3056558,140,36,53.3,49.8,34.3,25.2,91.3,67.4,98.7,72.5,58.7,58.9,62.6,10,10,8.7,22,7.5,18.2,33,32.1,$222.60 ,5.3,7.4,"$6,929 ",7.2,12.5,95.8,24.5,NA,NA,NA,NA,NA,2013,4,2014,2.3685,32.07745356,33.99383696,31.6621061,30.80519356,28.9000361,30.3943319,27.8143471,28.4559012,2018,4.419137878,2014,43900,2014,143.9,2017,4294,0,0,0
VCT,Saint Vincent and the Grenadines,NA,NA,55,10,65.8,36.5,63.8,50.5,71.2,74.3,85,76.5,73.5,82.2,66.6,70,40,9.2,32.5,33,27.1,29.3,0.1,$1.30 ,1,1.1,"$11,491 ",18.3,2,87.1,80.8,NA,NA,NA,NA,NA,2014,2.6,2010,0.6587,26.39665862,27.58281022,25.75407882,24.76218005,23.03093206,23.47317148,22.07655177,22.20051632,2018,9.589786863,2017,469,2017,426.4,NA,NA,0,0,0
VEN,Venezuela,2018,2137771,179,32,25.9,7.6,13.1,7.9,74.7,58.1,17.6,33.9,28,0,60,0,10,10,34,34,14.9,37.4,31.4,$380.70 ,-14,-7.8,"$12,114 ",7.7,1087.5,-68,34.9,NA,NA,NA,NA,NA,2014,0.8,2001,1.924,21.68286882,22.03310792,21.24572753,20.42894973,19.10406153,18.30300574,16.76799384,17.00855357,2018,7.26698662,2017,57096,2017,178.6,1995,12,0,0,0
VGB,Virgin Islands (British),NA,NA,NA,NA,NA,NA,NA,NA,NA,NA,NA,NA,NA,NA,NA,NA,NA,NA,NA,NA,NA,NA,NA,NA,NA,NA,NA,NA,NA,NA,NA,NA,NA,NA,NA,NA,NA,NA,NA,NA,NA,NA,NA,NA,NA,NA,NA,NA,NA,NA,2014,134,2014,452.9,NA,NA,0,0,0
VIR,Virgin Islands (U.S.),NA,NA,NA,NA,NA,NA,NA,NA,NA,NA,NA,NA,NA,NA,NA,NA,NA,NA,NA,NA,NA,NA,NA,NA,NA,NA,NA,NA,NA,NA,NA,NA,NA,NA,NA,NA,1996,18.68000031,1995,1.645,12.75209971,12.99373844,12.23312314,11.95551314,11.1658167,11.02889651,10.26484343,10.26531228,2018,19.28830722,2013,577,2013,547.9,NA,NA,0,0,0
VNM,Vietnam,2018,47049671,128,30,55.3,49.8,40.3,34,79.7,74.1,40.7,63.5,62.8,68.9,79.2,30,40,2.9,35,22,18,29.4,93.6,$647.40 ,6.8,6.2,"$6,913 ",2.1,3.5,"14,100.00",58.2,2.45E+11,48.22,97338.579,22.8,50.09640962,2014,2.6,2016,0.8199,39.36539699,38.4869748,37.22745154,36.83590641,34.89601505,32.46644382,30.24131157,29.62672834,2018,7.274978298,2017,130002,2017,136.1,2018,3542,5885,438,4116
VUT,Vanuatu,2018,374603,116,26,56.4,65.9,36.4,51.9,97.3,54.1,15.3,52.4,58.8,75,64.4,65,40,7.8,0,0,16.3,39.1,0.3,$0.80 ,4.2,2.4,"$2,739 ",5.2,3.1,24.7,48.4,NA,NA,NA,NA,NA,2008,1.7,2016,0.1706,14.12951255,14.38296402,13.24245239,12.74069289,11.93385168,12.15721001,11.59090896,11.65277703,2018,3.640153068,2016,192,2016,71,NA,NA,0,0,0
WSM,Samoa,2018,137770,82,19,62.2,53.8,31,37.7,79.9,62.3,93.6,77,78.2,83.5,63.8,55,30,10.6,27,27,23.6,35.5,0.2,$1.10 ,2.4,2.1,"$5,740 ",8.2,1.3,9,49.1,NA,NA,NA,NA,NA,2005,1,2016,0.3409,14.28809394,14.69309609,13.62788239,13.38252208,12.64355999,12.32179572,11.36629822,11.54802701,2018,4.800411974,2017,400,2017,204.1,NA,NA,0,0,0
XKX,Kosovo,NA,NA,51,26,67,57.2,53.5,44.7,92.5,77.7,96,73.8,64.9,78.3,70.8,65,30,7.1,10,10,23.5,27.2,1.9,$19.60 ,4.1,3.4,"$10,515 ",N/A,1.5,3.6,20.9,NA,NA,NA,NA,NA,NA,NA,NA,NA,NA,NA,NA,NA,NA,NA,NA,NA,NA,NA,2016,1648,2016,90.7,NA,NA,0,0,0
YEM,Yemen,2018,336310,N/A,N/A,N/A,19.6,22.2,20.3,N/A,83.7,0,45.1,49.8,61.5,71.4,50,N/A,4.3,N/A,N/A,N/A,N/A,30,$38.60 ,-13.8,-16.1,"$1,287 ",14,4.9,-269.9,141,NA,NA,NA,NA,NA,2014,0.7,2014,0.3104,45.97946993,50.83529078,51.43445402,52.99844335,48.33865267,54.26028666,50.12762567,50.45600689,2018,2.876269756,2013,14000,2013,54.7,NA,NA,0,0,0
ZAF,South Africa,2018,23921748.07,102,11,58.3,58.8,39.3,39.7,62.1,67.6,62.6,64.3,59.1,75.2,76,45,50,4.5,45,28,31.3,32.8,56.5,$765.60 ,1.3,1.5,"$13,545 ",27.3,5.3,"1,324.70",52.7,3.68E+11,77.02,59308.69,20.3,50.69415038,2005,2.8,2017,0.9101,27.13858684,26.55787322,26.57708662,26.72926171,26.72221238,26.11297177,25.14041614,25.10220499,2018,5.318005005,2017,158111,2017,278.8,2007,13864.97958,74,54,1
ZMB,Zambia,2018,8904,138,27,53.6,45,35.6,32.3,72.3,80.1,12.3,71.1,46,70.3,72.6,55,50,6.2,35,35,17.9,25.8,17.2,$68.90 ,3.6,4,"$3,996 ",7.8,6.6,"1,091.20",62.2,NA,NA,NA,NA,NA,2010,2,2016,0.0913,28.8363786,28.98711674,29.74203953,29.11222078,28.49325189,28.37545168,27.35567371,27.43803476,2018,2.099678026,2017,25000,2017,146.3,1999,186,0,0,0
ZWE,Zimbabwe,2018,282539,175,45,40.4,29.7,24.8,15.8,62.3,74.5,23.7,33.4,43.3,72.4,70,25,10,5,51.5,25,22.3,29.2,14.9,$34.00 ,3,2.6,"$2,283 ",5,1.3,289.4,78.4,NA,NA,NA,NA,NA,2011,1.7,2014,0.0763,23.2314787,23.07421266,23.19809712,23.11108755,22.80594966,21.73370858,21.72694718,22.25167109,2018,2.939523653,2017,19521,2017,118.1,NA,NA,0,0,0
AIA,Anguilla,NA,NA,NA,NA,NA,NA,NA,NA,NA,NA,NA,NA,NA,NA,NA,NA,NA,NA,NA,NA,NA,NA,NA,NA,NA,NA,NA,NA,NA,NA,NA,NA,NA,NA,NA,NA,NA,NA,NA,NA,NA,NA,NA,NA,NA,NA,NA,NA,NA,NA,2017,55,2017,366.7,NA,NA,0,0,0
COK,Cook Islands,NA,NA,NA,NA,NA,NA,NA,NA,NA,NA,NA,NA,NA,NA,NA,NA,NA,NA,NA,NA,NA,NA,NA,NA,NA,NA,NA,NA,NA,NA,NA,NA,NA,NA,NA,NA,NA,NA,NA,NA,NA,NA,NA,NA,NA,NA,NA,NA,NA,NA,2016,48,2016,274.9,NA,NA,0,0,0
GLP,Guadeloupe,NA,NA,NA,NA,NA,NA,NA,NA,NA,NA,NA,NA,NA,NA,NA,NA,NA,NA,NA,NA,NA,NA,NA,NA,NA,NA,NA,NA,NA,NA,NA,NA,NA,NA,NA,NA,NA,NA,NA,NA,NA,NA,NA,NA,NA,NA,NA,NA,NA,NA,2017,956,2017,212.4,NA,NA,0,0,0
GUF,French Guiana,NA,NA,NA,NA,NA,NA,NA,NA,NA,NA,NA,NA,NA,NA,NA,NA,NA,NA,NA,NA,NA,NA,NA,NA,NA,NA,NA,NA,NA,NA,NA,NA,NA,NA,NA,NA,NA,NA,NA,NA,NA,NA,NA,NA,NA,NA,NA,NA,NA,NA,2017,726,2017,256.5,NA,NA,0,0,0
MTQ,Martinique,NA,NA,NA,NA,NA,NA,NA,NA,NA,NA,NA,NA,NA,NA,NA,NA,NA,NA,NA,NA,NA,NA,NA,NA,NA,NA,NA,NA,NA,NA,NA,NA,NA,NA,NA,NA,NA,NA,NA,NA,NA,NA,NA,NA,NA,NA,NA,NA,NA,NA,2017,870,2017,226,NA,NA,0,0,0
MYT,Mayotte,NA,NA,NA,NA,NA,NA,NA,NA,NA,NA,NA,NA,NA,NA,NA,NA,NA,NA,NA,NA,NA,NA,NA,NA,NA,NA,NA,NA,NA,NA,NA,NA,NA,NA,NA,NA,NA,NA,NA,NA,NA,NA,NA,NA,NA,NA,NA,NA,NA,NA,2017,293,2017,115.8,NA,NA,0,0,0
TWN,Taiwan*,NA,NA,10,5,77.3,85.4,70.1,69.2,75,90.6,91.6,93.2,60.9,84.4,87,60,60,1.5,45,20,8.9,17.7,23.6,"$1,185.50 ",2.8,2.2,"$50,294 ",3.8,0.6,"3,255.00",35.2,NA,NA,NA,NA,NA,NA,NA,NA,NA,NA,NA,NA,NA,NA,NA,NA,NA,NA,NA,2017,62634,2017,265.8,NA,NA,30373,3550,14367
VAT,Holy See,NA,NA,NA,NA,NA,NA,NA,NA,NA,NA,NA,NA,NA,NA,NA,NA,NA,NA,NA,NA,NA,NA,NA,NA,NA,NA,NA,NA,NA,NA,NA,NA,NA,NA,NA,NA,NA,NA,NA,NA,NA,NA,NA,NA,NA,NA,NA,NA,NA,NA,2015,1,2015,124.5,NA,NA,0,0,0